season_id,year,game_type,team_code,team_name,player_id,player_name,back_number,position,ranking,is_qualified,hitter_hra,hitter_rbi,hitter_run,hitter_hr,hitter_hit,hitter_h2,hitter_h3,hitter_game_count,hitter_ab,hitter_sb,hitter_cs,hitter_bb,hitter_hp,hitter_kk,hitter_gd,hitter_obp,hitter_slg,hitter_ops,hitter_isop,hitter_babip,hitter_woba,hitter_wrc_plus,hitter_wpa,hitter_war
2024,2024,REGULAR_SEASON,HH,한화,79608,안치홍,9,내야수,24,True,0.30021141649048627,66,64,13,142,21,0,128,473,3,,49,6,70,,0.37,0.427,0.797,0.127,0.327,0.365,112.3,-0.196,2.9
2024,2024,REGULAR_SEASON,HH,한화,66704,김태연,25,외야수,31,True,0.29055690072639223,61,59,12,120,24,0,126,413,5,,45,4,89,,0.363,0.436,0.799,0.14500000000000002,0.342,0.358,108.4,-0.193,2.0
2024,2024,REGULAR_SEASON,HH,한화,54730,페라자,30,외야수,41,True,0.27472527472527475,70,75,24,125,24,0,122,455,7,,63,2,129,,0.364,0.486,0.85,0.21099999999999997,0.332,0.38,117.9,1.383,2.95
2024,2024,REGULAR_SEASON,HH,한화,69737,노시환,8,내야수,43,True,0.2718631178707224,89,88,24,143,20,2,136,526,6,,60,11,129,,0.356,0.454,0.81,0.182,0.316,0.359,102.2,0.416,2.45
2024,2024,REGULAR_SEASON,HH,한화,79192,채은성,22,외야수,44,True,0.2706422018348624,83,61,20,118,24,0,124,436,1,,49,8,83,,0.351,0.463,0.814,0.192,0.29,0.363,110.8,0.758,2.31
2024,2024,REGULAR_SEASON,HH,한화,54795,황영묵,95,내야수,,False,0.3008595988538682,35,52,3,105,8,4,123,349,4,,31,5,56,,0.365,0.372,0.737,0.07100000000000001,0.351,0.344,100.7,-1.641,1.62
2024,2024,REGULAR_SEASON,HH,한화,62700,하주석,16,내야수,,False,0.291970802919708,11,16,1,40,9,1,64,137,1,,10,2,33,,0.349,0.394,0.743,0.10200000000000004,0.379,0.328,90.2,-0.992,0.28
2024,2024,REGULAR_SEASON,HH,한화,66707,박상언,42,포수,,False,0.2857142857142857,4,4,0,12,3,0,27,42,1,,9,1,12,,0.423,0.357,0.78,0.07100000000000001,0.4,0.366,114.7,-0.061,0.25
2024,2024,REGULAR_SEASON,HH,한화,50707,최인호,41,외야수,,False,0.2857142857142857,22,37,2,60,13,2,82,210,3,,25,3,31,,0.367,0.395,0.762,0.10900000000000004,0.324,0.359,110.5,0.091,1.45
2024,2024,REGULAR_SEASON,HH,한화,53764,문현빈,51,내야수,,False,0.27692307692307694,47,29,5,72,16,2,103,260,3,,24,2,53,,0.34,0.412,0.752,0.13499999999999995,0.328,0.333,91.5,-1.881,0.88
2024,2024,REGULAR_SEASON,HH,한화,65703,이도윤,5,내야수,,False,0.2767857142857143,46,49,1,93,10,3,134,336,6,,26,3,56,,0.332,0.333,0.665,0.055999999999999994,0.326,0.314,81.8,-1.203,0.8
2024,2024,REGULAR_SEASON,HH,한화,52769,권광민,17,외야수,,False,0.2708333333333333,9,10,4,13,3,0,19,48,0,,3,0,17,,0.314,0.583,0.897,0.31199999999999994,0.333,0.374,117.8,-0.108,0.27
2024,2024,REGULAR_SEASON,HH,한화,66706,장진혁,51,외야수,,False,0.2629757785467128,44,56,9,76,16,0,99,289,14,,29,3,72,,0.335,0.412,0.747,0.14899999999999997,0.321,0.334,93.2,-0.992,0.83
2024,2024,REGULAR_SEASON,HH,한화,78288,최재훈,13,포수,,False,0.2571428571428571,37,34,4,72,10,0,116,280,0,,33,21,58,,0.371,0.336,0.707,0.07900000000000001,0.304,0.324,87.3,-0.735,1.24
2024,2024,REGULAR_SEASON,HH,한화,76812,이재원,20,포수,,False,0.23880597014925373,16,10,1,32,4,0,72,134,0,,7,4,21,,0.287,0.291,0.578,0.05199999999999999,0.265,0.267,47.7,-0.736,-0.24
2024,2024,REGULAR_SEASON,HH,한화,66715,김인환,37,,,False,0.2366412213740458,7,11,1,31,2,0,51,131,0,,10,2,32,,0.301,0.275,0.576,0.038000000000000034,0.306,0.281,59.5,-1.446,-0.35
2024,2024,REGULAR_SEASON,HH,한화,68700,이원석,37,외야수,,False,0.23308270676691728,13,26,0,31,4,1,87,133,8,,16,2,32,,0.322,0.278,0.6,0.04500000000000001,0.304,0.297,70.4,-0.499,0.02
2024,2024,REGULAR_SEASON,HH,한화,71837,김강민,0,,,False,0.2236842105263158,7,5,1,17,0,0,41,76,0,,8,3,21,,0.322,0.263,0.585,0.03900000000000001,0.296,0.28,58.8,-0.254,-0.17
2024,2024,REGULAR_SEASON,HH,한화,69766,유로결,33,외야수,,False,0.2222222222222222,4,6,0,8,1,0,23,36,0,,3,0,11,,0.282,0.25,0.532,0.027999999999999997,0.32,0.249,39.0,-0.338,-0.3
2024,2024,REGULAR_SEASON,HH,한화,66657,이진영,10,외야수,,False,0.20430107526881722,13,20,1,19,6,0,42,93,0,,8,2,27,,0.282,0.301,0.583,0.097,0.277,0.275,56.0,-0.542,-0.37
2024,2024,REGULAR_SEASON,HH,한화,68743,정은원,43,내야수,,False,0.171875,6,10,1,11,3,1,27,64,2,,13,0,16,,0.312,0.297,0.609,0.125,0.213,0.282,61.0,-0.281,-0.12
2024,2024,REGULAR_SEASON,HH,한화,50704,임종찬,9,외야수,,False,0.15789473684210525,7,10,0,9,3,2,24,57,0,,6,1,19,,0.25,0.281,0.531,0.12300000000000003,0.237,0.257,46.6,-0.287,-0.04
2024,2024,REGULAR_SEASON,HH,한화,52704,이상혁,9,외야수,,False,0.15384615384615385,0,13,0,2,0,0,43,13,5,,2,0,5,,0.267,0.154,0.421,0.0,0.25,0.277,57.3,0.017,-0.08
2024,2024,REGULAR_SEASON,HH,한화,53754,김서현,44,투수,,False,0.0,0,0,0,0,0,0,1,0,0,,0,0,0,,0.0,0.0,0.0,0.0,0.0,0.0,0.0,0.0,0.0
2024,2024,REGULAR_SEASON,HH,한화,67703,박상원,58,투수,,False,0.0,0,0,0,0,0,0,2,0,0,,0,0,0,,0.0,0.0,0.0,0.0,0.0,0.0,0.0,0.0,0.0
2024,2024,REGULAR_SEASON,HH,한화,76849,이명기,14,,,False,0.0,1,0,0,0,0,0,4,7,0,,0,0,3,,0.0,0.0,0.0,0.0,0.0,0.0,-121.3,-0.085,-0.21
2024,2024,REGULAR_SEASON,HH,한화,51762,장규현,32,포수,,False,0.0,0,0,0,0,0,0,9,6,0,,1,0,1,,0.143,0.0,0.143,0.0,0.0,0.103,-55.1,-0.025,-0.17
2024,2024,REGULAR_SEASON,HH,한화,79764,장민재,36,,,False,0.0,0,0,0,0,0,0,1,0,0,,0,0,0,,0.0,0.0,0.0,0.0,0.0,0.0,0.0,0.0,0.0
2024,2024,REGULAR_SEASON,HH,한화,65707,주현상,66,투수,,False,0.0,0,0,0,0,0,0,2,0,0,,0,0,0,,0.0,0.0,0.0,0.0,0.0,0.0,0.0,0.0,0.0
2024,2024,REGULAR_SEASON,HH,한화,52710,한경빈,6,내야수,,False,0.0,0,0,0,0,0,0,1,1,0,,0,0,1,,0.0,0.0,0.0,0.0,0.0,0.0,-121.3,-0.019,-0.01
2024,2024,REGULAR_SEASON,HT,KIA,52605,김도영,5,내야수,3,True,0.3474264705882353,109,143,38,189,29,10,141,544,40,,66,7,110,,0.42,0.647,1.067,0.30000000000000004,0.375,0.454,167.5,4.2379999999999995,7.34
2024,2024,REGULAR_SEASON,HT,KIA,78603,김선빈,3,내야수,8,True,0.32860520094562645,57,48,9,139,23,0,116,423,5,,30,5,39,,0.38,0.447,0.827,0.118,0.347,0.366,114.5,1.229,3.21
2024,2024,REGULAR_SEASON,HT,KIA,52630,소크라테스,30,,15,True,0.30978260869565216,97,92,26,171,30,3,140,552,13,,41,4,91,,0.359,0.516,0.875,0.20600000000000002,0.33,0.382,122.4,0.022,4.12
2024,2024,REGULAR_SEASON,HT,KIA,64646,박찬호,7,내야수,18,True,0.3067961165048544,61,86,5,158,24,1,134,515,20,,48,1,44,,0.363,0.386,0.749,0.07900000000000001,0.324,0.347,101.9,-0.586,2.37
2024,2024,REGULAR_SEASON,HT,KIA,66606,최원준,3,외야수,29,True,0.2922374429223744,56,75,9,128,23,3,136,438,21,,50,8,66,,0.371,0.42,0.791,0.128,0.323,0.353,106.5,0.166,2.52
2024,2024,REGULAR_SEASON,HT,KIA,63260,이우성,55,외야수,33,True,0.2882205513784461,54,56,9,115,16,1,112,399,7,,44,3,89,,0.361,0.401,0.762,0.11300000000000004,0.349,0.349,103.8,0.325,1.6400000000000001
2024,2024,REGULAR_SEASON,HT,KIA,72443,최형우,34,외야수,38,True,0.28,109,67,22,119,23,2,116,425,1,,52,5,86,,0.361,0.499,0.86,0.21899999999999997,0.301,0.379,119.7,2.801,2.7
2024,2024,REGULAR_SEASON,HT,KIA,52667,윤도현,16,내야수,,False,0.4074074074074074,8,5,1,11,2,0,6,27,1,,0,0,9,,0.407,0.593,1.0,0.186,0.588,0.431,156.3,-0.017,0.37
2024,2024,REGULAR_SEASON,HT,KIA,54614,김두현,0,내야수,,False,0.4,0,2,0,2,0,0,3,5,0,,0,1,0,,0.5,0.4,0.9,0.0,0.4,0.425,152.9,-0.058,0.0
2024,2024,REGULAR_SEASON,HT,KIA,78168,서건창,14,내야수,,False,0.3103448275862069,26,40,1,63,14,1,94,203,3,,36,3,31,,0.416,0.404,0.82,0.09400000000000003,0.356,0.376,121.0,0.653,1.58
2024,2024,REGULAR_SEASON,HT,KIA,67609,박정우,1,외야수,,False,0.3076923076923077,11,17,0,20,3,1,66,65,0,,4,0,14,,0.348,0.385,0.733,0.07700000000000001,0.392,0.327,90.6,-0.196,0.28
2024,2024,REGULAR_SEASON,HT,KIA,68646,한준수,25,포수,,False,0.30662020905923343,41,39,7,88,22,0,115,287,0,,21,2,48,,0.351,0.456,0.807,0.14900000000000002,0.34,0.352,103.9,-0.56,1.5699999999999998
2024,2024,REGULAR_SEASON,HT,KIA,69727,변우혁,29,내야수,,False,0.30357142857142855,21,22,5,51,9,2,69,168,1,,16,2,48,,0.369,0.47,0.839,0.16599999999999998,0.397,0.371,119.0,-0.456,1.18
2024,2024,REGULAR_SEASON,HT,KIA,50600,홍종표,10,내야수,,False,0.29523809523809524,11,27,0,31,4,3,100,105,5,,6,1,31,,0.339,0.39,0.729,0.09500000000000003,0.419,0.332,94.6,-0.745,0.49
2024,2024,REGULAR_SEASON,HT,KIA,62947,나성범,47,외야수,,False,0.2914438502673797,80,51,21,109,17,1,102,374,0,,38,4,98,,0.357,0.511,0.868,0.22000000000000003,0.336,0.376,120.2,1.193,2.9699999999999998
2024,2024,REGULAR_SEASON,HT,KIA,69636,오선우,56,내야수,,False,0.2857142857142857,1,0,0,2,0,0,3,7,0,,0,0,3,,0.286,0.286,0.572,0.0,0.5,0.257,44.8,-0.027,-0.09
2024,2024,REGULAR_SEASON,HT,KIA,65610,황대인,34,내야수,,False,0.2857142857142857,3,1,0,2,1,0,3,7,0,,0,0,1,,0.286,0.429,0.715,0.14300000000000002,0.333,0.306,75.1,-0.007,0.01
2024,2024,REGULAR_SEASON,HT,KIA,50657,박민,2,내야수,,False,0.27586206896551724,2,5,0,8,4,0,16,29,0,,1,0,7,,0.3,0.414,0.714,0.13799999999999996,0.364,0.34,97.2,-0.083,-0.13
2024,2024,REGULAR_SEASON,HT,KIA,63722,한승택,45,포수,,False,0.2727272727272727,2,2,0,3,0,0,20,11,0,,4,0,1,,0.467,0.273,0.74,0.0,0.3,0.372,118.6,0.185,0.07
2024,2024,REGULAR_SEASON,HT,KIA,78122,김태군,42,포수,,False,0.26382978723404255,34,24,7,62,7,0,105,235,0,,12,11,24,,0.328,0.383,0.711,0.119,0.268,0.312,80.0,-1.21,0.32
2024,2024,REGULAR_SEASON,HT,KIA,64560,이창진,8,외야수,,False,0.2617801047120419,18,36,1,50,10,0,103,191,4,,45,2,36,,0.401,0.33,0.731,0.068,0.31,0.341,98.5,-0.387,0.43
2024,2024,REGULAR_SEASON,HT,KIA,61353,고종욱,57,외야수,,False,0.25,4,3,1,8,2,0,28,32,0,,4,0,6,,0.333,0.406,0.739,0.15600000000000003,0.28,0.354,106.6,0.137,0.14
2024,2024,REGULAR_SEASON,HT,KIA,66614,김규성,14,내야수,,False,0.25,2,5,0,3,1,0,27,12,1,,2,0,4,,0.357,0.333,0.69,0.08300000000000002,0.375,0.299,71.0,-0.035,-0.08
2024,2024,REGULAR_SEASON,HT,KIA,68330,예진원,61,외야수,,False,0.21052631578947367,0,2,0,4,1,0,22,19,0,,2,0,8,,0.286,0.263,0.549,0.05200000000000002,0.364,0.256,43.4,-0.193,-0.1
2024,2024,REGULAR_SEASON,HT,KIA,65464,최정용,23,내야수,,False,0.18181818181818182,1,0,0,2,0,0,6,11,0,,1,0,4,,0.25,0.182,0.432,0.0,0.286,0.21,14.3,-0.124,-0.12
2024,2024,REGULAR_SEASON,HT,KIA,65653,김호령,27,외야수,,False,0.13559322033898305,4,12,1,8,2,0,64,59,3,,8,0,25,,0.239,0.22,0.459,0.08399999999999999,0.212,0.219,20.1,-0.214,-0.59
2024,2024,REGULAR_SEASON,HT,KIA,53609,곽도규,0,투수,,False,0.0,0,0,0,0,0,0,1,0,0,,0,0,0,,0.0,0.0,0.0,0.0,0.0,0.0,0.0,0.0,0.0
2024,2024,REGULAR_SEASON,HT,KIA,54645,김민주,49,투수,,False,0.0,0,0,0,0,0,0,1,0,0,,0,0,0,,0.0,0.0,0.0,0.0,0.0,0.0,0.0,0.0,0.0
2024,2024,REGULAR_SEASON,HT,KIA,63894,김사윤,21,투수,,False,0.0,0,0,0,0,0,0,1,0,0,,0,0,0,,0.0,0.0,0.0,0.0,0.0,0.0,0.0,0.0,0.0
2024,2024,REGULAR_SEASON,HT,KIA,66492,김승현,24,,,False,0.0,0,0,0,0,0,0,1,0,0,,0,0,0,,0.0,0.0,0.0,0.0,0.0,0.0,0.0,0.0,0.0
2024,2024,REGULAR_SEASON,HT,KIA,62951,이형범,28,투수,,False,0.0,0,0,0,0,0,0,1,0,0,,0,0,0,,0.0,0.0,0.0,0.0,0.0,0.0,0.0,0.0,0.0
2024,2024,REGULAR_SEASON,HT,KIA,66609,전상현,51,투수,,False,0.0,0,0,0,0,0,0,1,0,0,,0,0,0,,0.0,0.0,0.0,0.0,0.0,0.0,0.0,0.0,0.0
2024,2024,REGULAR_SEASON,HT,KIA,50662,정해영,62,투수,,False,0.0,0,0,0,0,0,0,2,0,0,,0,0,0,,0.0,0.0,0.0,0.0,0.0,0.0,0.0,0.0,0.0
2024,2024,REGULAR_SEASON,HT,KIA,52639,최지민,39,투수,,False,0.0,0,0,0,0,0,0,2,0,0,,0,0,0,,0.0,0.0,0.0,0.0,0.0,0.0,0.0,0.0,0.0
2024,2024,REGULAR_SEASON,HT,KIA,52641,황동하,41,투수,,False,0.0,0,0,0,0,0,0,1,0,0,,0,0,0,,0.0,0.0,0.0,0.0,0.0,0.0,0.0,0.0,0.0
2024,2024,REGULAR_SEASON,KT,KT,67025,로하스,0,외야수,7,True,0.32867132867132864,112,108,32,188,39,1,144,572,2,,88,6,115,,0.421,0.568,0.989,0.23899999999999993,0.364,0.426,144.3,4.492,6.55
2024,2024,REGULAR_SEASON,KT,KT,68050,강백호,50,내야수,32,True,0.28909090909090907,96,92,26,159,27,0,144,550,6,,59,3,127,,0.36,0.48,0.84,0.191,0.333,0.372,112.7,0.106,3.1
2024,2024,REGULAR_SEASON,KT,KT,64166,배정대,27,외야수,40,True,0.2747524752475248,59,49,7,111,25,1,113,404,9,,50,4,114,,0.355,0.394,0.749,0.119,0.359,0.337,92.6,-0.709,1.27
2024,2024,REGULAR_SEASON,KT,KT,78548,장성우,22,포수,45,True,0.2679425837320574,81,53,19,112,19,0,131,418,5,,60,1,86,,0.355,0.45,0.805,0.182,0.29,0.351,101.5,0.695,2.39
2024,2024,REGULAR_SEASON,KT,KT,76313,황재균,10,,50,True,0.25963488843813387,58,60,13,128,22,0,137,493,4,,34,2,95,,0.309,0.383,0.692,0.123,0.297,0.306,73.5,-1.877,-0.5
2024,2024,REGULAR_SEASON,KT,KT,73113,박경수,6,,,False,0.6666666666666666,1,2,0,2,1,0,5,3,0,,0,0,1,,0.667,1.0,1.667,0.33299999999999996,1.0,0.713,332.9,-0.002,0.12
2024,2024,REGULAR_SEASON,KT,KT,52002,김병준,57,외야수,,False,0.35714285714285715,1,9,0,5,0,0,35,14,0,,2,0,2,,0.438,0.357,0.795,0.0,0.417,0.429,152.1,-0.056,0.45
2024,2024,REGULAR_SEASON,KT,KT,64004,김민혁,53,외야수,,False,0.35327635327635326,34,47,1,124,14,3,115,351,4,,35,1,45,,0.41,0.419,0.829,0.066,0.399,0.378,118.6,-0.557,2.06
2024,2024,REGULAR_SEASON,KT,KT,50066,강현우,55,포수,,False,0.3076923076923077,8,4,1,8,1,0,18,26,0,,8,0,10,,0.471,0.462,0.933,0.15400000000000003,0.467,0.399,133.0,0.357,0.27
2024,2024,REGULAR_SEASON,KT,KT,68089,조대현,42,포수,,False,0.3055555555555556,3,2,0,11,2,0,26,36,0,,3,0,12,,0.35,0.361,0.711,0.05499999999999999,0.44,0.283,58.5,-0.347,0.17
2024,2024,REGULAR_SEASON,KT,KT,50054,천성호,53,내야수,,False,0.2948717948717949,17,41,1,69,8,3,75,234,7,,18,1,43,,0.346,0.368,0.714,0.07300000000000001,0.356,0.341,96.3,-0.488,1.3
2024,2024,REGULAR_SEASON,KT,KT,64504,오윤석,4,내야수,,False,0.29310344827586204,27,33,6,51,12,2,73,174,0,,18,4,41,,0.369,0.489,0.858,0.196,0.349,0.375,118.0,-0.122,1.52
2024,2024,REGULAR_SEASON,KT,KT,62556,신본기,56,,,False,0.2786885245901639,19,18,3,34,3,0,84,122,2,,16,3,28,,0.371,0.377,0.748,0.09799999999999998,0.333,0.331,89.8,-1.104,0.53
2024,2024,REGULAR_SEASON,KT,KT,79402,김상수,7,내야수,,False,0.2764227642276423,45,60,4,102,18,4,113,369,3,,37,6,59,,0.351,0.379,0.73,0.10299999999999998,0.319,0.33,89.0,-0.931,1.27
2024,2024,REGULAR_SEASON,KT,KT,64006,심우준,7,내야수,,False,0.26627218934911245,28,22,3,45,4,0,53,169,7,,17,1,29,,0.337,0.343,0.68,0.07700000000000001,0.307,0.321,83.2,-0.48,0.61
2024,2024,REGULAR_SEASON,KT,KT,64007,문상철,24,내야수,,False,0.2564841498559078,58,50,17,89,11,0,125,347,6,,45,7,86,,0.351,0.435,0.786,0.179,0.291,0.355,102.9,-0.299,1.54
2024,2024,REGULAR_SEASON,KT,KT,67006,안치영,8,외야수,,False,0.25,3,12,0,11,0,0,31,44,0,,2,0,12,,0.283,0.25,0.533,0.0,0.344,0.236,28.5,-0.491,-0.34
2024,2024,REGULAR_SEASON,KT,KT,64868,조용호,23,,,False,0.2483221476510067,13,17,0,37,5,0,60,149,5,,13,0,25,,0.309,0.282,0.591,0.033999999999999975,0.298,0.274,53.0,-0.863,-0.55
2024,2024,REGULAR_SEASON,KT,KT,75334,오재일,36,,,False,0.24324324324324326,45,33,11,72,18,1,105,296,0,,36,2,88,,0.321,0.422,0.743,0.179,0.296,0.325,84.5,-1.373,0.45
2024,2024,REGULAR_SEASON,KT,KT,62558,김준태,44,포수,,False,0.24,3,6,0,6,2,0,23,25,0,,5,0,6,,0.367,0.32,0.687,0.08000000000000002,0.316,0.323,84.1,-0.11,0.09
2024,2024,REGULAR_SEASON,KT,KT,53058,정준영,58,외야수,,False,0.22580645161290322,3,9,0,14,2,0,43,62,0,,8,1,16,,0.324,0.258,0.582,0.032,0.304,0.28,56.7,-0.806,-0.36
2024,2024,REGULAR_SEASON,KT,KT,51003,권동진,52,내야수,,False,0.2222222222222222,0,3,0,2,0,0,9,9,0,,1,0,2,,0.3,0.222,0.522,0.0,0.286,0.252,38.8,-0.148,-0.06
2024,2024,REGULAR_SEASON,KT,KT,67005,홍현빈,51,외야수,,False,0.2222222222222222,2,5,0,4,0,1,28,18,0,,3,0,7,,0.333,0.333,0.666,0.11100000000000002,0.364,0.334,92.5,0.395,-0.01
2024,2024,REGULAR_SEASON,KT,KT,69056,박민석,2,내야수,,False,0.21428571428571427,0,6,0,3,0,0,20,14,0,,0,0,7,,0.214,0.214,0.428,0.0,0.429,0.193,0.7,-0.368,-0.3
2024,2024,REGULAR_SEASON,KT,KT,64012,송민섭,28,,,False,0.21428571428571427,1,8,0,3,0,0,36,14,0,,3,2,6,,0.421,0.214,0.635,0.0,0.375,0.318,81.4,0.015,-0.1
2024,2024,REGULAR_SEASON,KT,KT,52001,안현민,23,외야수,,False,0.2,2,5,1,5,0,1,16,25,0,,2,1,10,,0.276,0.4,0.676,0.2,0.267,0.29,64.1,-0.055,0.08
2024,2024,REGULAR_SEASON,KT,KT,50092,윤준혁,31,내야수,,False,0.17647058823529413,0,3,0,3,2,0,13,17,0,,1,0,6,,0.222,0.294,0.516,0.118,0.273,0.228,23.0,-0.088,-0.17
2024,2024,REGULAR_SEASON,KT,KT,68504,이호연,36,내야수,,False,0.14634146341463414,0,3,0,6,1,0,27,41,0,,1,0,12,,0.167,0.171,0.338,0.025000000000000022,0.207,0.15,-26.5,-0.87,-0.51
2024,2024,REGULAR_SEASON,KT,KT,51005,김건형,0,,,False,0.125,1,2,0,3,1,0,13,24,0,,1,0,8,,0.16,0.167,0.327,0.04200000000000001,0.188,0.224,20.9,-0.034,-0.21
2024,2024,REGULAR_SEASON,KT,KT,64115,장준원,56,내야수,,False,0.07142857142857142,0,1,0,1,0,0,17,14,0,,4,0,5,,0.278,0.071,0.349,0.0,0.111,0.21,12.3,-0.254,-0.13
2024,2024,REGULAR_SEASON,KT,KT,53006,강건,99,투수,,False,0.0,0,0,0,0,0,0,1,0,0,,0,0,0,,0.0,0.0,0.0,0.0,0.0,0.0,0.0,0.0,0.0
2024,2024,REGULAR_SEASON,KT,KT,69064,강민성,5,내야수,,False,0.0,0,0,0,0,0,0,1,1,0,,0,0,0,,0.0,0.0,0.0,0.0,0.0,0.0,-122.6,0.0,-0.01
2024,2024,REGULAR_SEASON,KT,KT,68043,김민,1,투수,,False,0.0,0,0,0,0,0,0,1,0,0,,0,0,0,,0.0,0.0,0.0,0.0,0.0,0.0,0.0,0.0,0.0
2024,2024,REGULAR_SEASON,KT,KT,51097,김영현,48,투수,,False,0.0,0,0,0,0,0,0,1,0,0,,0,0,0,,0.0,0.0,0.0,0.0,0.0,0.0,0.0,0.0,0.0
2024,2024,REGULAR_SEASON,KT,KT,66047,박세진,41,투수,,False,0.0,0,0,0,0,0,0,1,0,0,,0,0,0,,0.0,0.0,0.0,0.0,0.0,0.0,0.0,0.0,0.0
2024,2024,REGULAR_SEASON,KT,KT,60559,박시영,62,투수,,False,0.0,0,0,0,0,0,0,1,0,0,,0,0,0,,0.0,0.0,0.0,0.0,0.0,0.0,0.0,0.0,0.0
2024,2024,REGULAR_SEASON,KT,KT,52060,박영현,60,투수,,False,0.0,0,0,0,0,0,0,6,0,0,,0,0,0,,0.0,0.0,0.0,0.0,0.0,0.0,0.0,0.0,0.0
2024,2024,REGULAR_SEASON,KT,KT,50109,성재헌,15,,,False,0.0,0,0,0,0,0,0,2,0,0,,0,0,0,,0.0,0.0,0.0,0.0,0.0,0.0,0.0,0.0,0.0
2024,2024,REGULAR_SEASON,KT,KT,69041,손동현,41,투수,,False,0.0,0,0,0,0,0,0,2,0,0,,0,0,0,,0.0,0.0,0.0,0.0,0.0,0.0,0.0,0.0,0.0
2024,2024,REGULAR_SEASON,KT,KT,73117,우규민,12,투수,,False,0.0,0,0,0,0,0,0,2,0,0,,0,0,0,,0.0,0.0,0.0,0.0,0.0,0.0,0.0,0.0,0.0
2024,2024,REGULAR_SEASON,KT,KT,69068,이선우,61,,,False,0.0,0,0,0,0,0,0,3,0,0,,0,0,0,,0.0,0.0,0.0,0.0,0.0,0.0,0.0,0.0,0.0
2024,2024,REGULAR_SEASON,KT,KT,65060,주권,38,투수,,False,0.0,0,0,0,0,0,0,2,0,0,,0,0,0,,0.0,0.0,0.0,0.0,0.0,0.0,0.0,0.0,0.0
2024,2024,REGULAR_SEASON,LG,LG,66108,홍창기,51,외야수,6,True,0.33587786259541985,73,96,5,176,18,3,139,524,10,,96,12,93,,0.447,0.41,0.857,0.07399999999999995,0.398,0.399,136.8,1.81,4.79
2024,2024,REGULAR_SEASON,LG,LG,53123,오스틴,23,내야수,11,True,0.3187855787476281,132,99,32,168,32,3,140,527,12,,61,3,82,,0.384,0.573,0.957,0.25399999999999995,0.319,0.408,146.2,1.349,5.5
2024,2024,REGULAR_SEASON,LG,LG,69102,문보경,2,내야수,22,True,0.30057803468208094,101,80,22,156,35,3,144,519,7,,65,2,112,,0.372,0.507,0.879,0.20600000000000002,0.337,0.379,127.9,0.92,3.83
2024,2024,REGULAR_SEASON,LG,LG,65207,신민재,4,내야수,25,True,0.2971576227390181,40,78,0,115,11,6,128,387,32,,64,5,47,,0.401,0.357,0.758,0.06,0.335,0.349,104.0,0.978,2.6
2024,2024,REGULAR_SEASON,LG,LG,76290,김현수,10,외야수,26,True,0.2940038684719536,69,61,8,152,36,2,137,517,6,,47,9,76,,0.357,0.418,0.775,0.124,0.326,0.343,103.2,-1.428,2.36
2024,2024,REGULAR_SEASON,LG,LG,79365,박동원,27,포수,42,True,0.271889400921659,80,58,20,118,22,0,130,434,1,,55,0,112,,0.349,0.461,0.81,0.189,0.317,0.356,113.7,-1.005,3.3
2024,2024,REGULAR_SEASON,LG,LG,62415,박해민,17,외야수,47,True,0.26348547717842324,56,72,6,127,16,6,144,482,43,,46,11,101,,0.336,0.359,0.695,0.09599999999999997,0.315,0.318,86.9,-2.476,1.23
2024,2024,REGULAR_SEASON,LG,LG,52154,이주헌,63,포수,,False,0.6666666666666666,3,0,0,4,2,0,3,6,0,,0,0,2,,0.667,1.0,1.667,0.33299999999999996,1.0,0.713,345.6,0.242,0.22
2024,2024,REGULAR_SEASON,LG,LG,54164,김대원,64,내야수,,False,0.5,0,5,0,2,0,0,19,4,2,,0,0,1,,0.5,0.5,1.0,0.0,0.667,0.45,170.2,0.072,0.05
2024,2024,REGULAR_SEASON,LG,LG,54112,최명경,116,외야수,,False,0.3333333333333333,0,0,0,1,0,0,1,3,0,,0,0,1,,0.333,0.333,0.666,0.0,0.5,0.3,73.7,0.003,0.0
2024,2024,REGULAR_SEASON,LG,LG,68119,문성주,8,외야수,,False,0.31475409836065577,48,47,0,96,16,2,96,305,13,,49,3,38,,0.411,0.38,0.791,0.065,0.356,0.367,117.5,0.659,2.27
2024,2024,REGULAR_SEASON,LG,LG,52103,최원영,3,외야수,,False,0.2702702702702703,5,18,1,10,2,0,57,37,6,,1,3,7,,0.341,0.405,0.746,0.135,0.31,0.357,114.1,-0.273,-0.04
2024,2024,REGULAR_SEASON,LG,LG,69105,김성진,36,내야수,,False,0.26666666666666666,2,1,1,4,0,0,14,15,0,,1,0,4,,0.313,0.467,0.78,0.2,0.3,0.336,104.5,-0.15,0.08
2024,2024,REGULAR_SEASON,LG,LG,69100,구본혁,6,내야수,,False,0.25663716814159293,43,48,2,87,14,2,133,339,8,,38,4,51,,0.335,0.327,0.662,0.07,0.293,0.307,79.6,-1.217,0.68
2024,2024,REGULAR_SEASON,LG,LG,79109,오지환,10,내야수,,False,0.25405405405405407,59,67,10,94,24,2,108,370,17,,51,4,106,,0.35,0.411,0.761,0.15699999999999997,0.329,0.344,105.5,-0.647,2.43
2024,2024,REGULAR_SEASON,LG,LG,53144,김범석,0,포수,,False,0.24074074074074073,24,14,6,39,4,0,70,162,0,,14,2,49,,0.306,0.377,0.683,0.136,0.303,0.302,74.7,-0.459,-0.11
2024,2024,REGULAR_SEASON,LG,LG,51100,이영빈,7,내야수,,False,0.2222222222222222,12,11,2,14,2,0,31,63,0,,4,0,20,,0.261,0.349,0.61,0.12699999999999997,0.279,0.283,66.9,-0.733,-0.1
2024,2024,REGULAR_SEASON,LG,LG,54166,김현종,66,외야수,,False,0.2,2,8,0,3,1,0,17,15,0,,0,1,4,,0.25,0.267,0.517,0.067,0.273,0.294,71.2,0.076,-0.01
2024,2024,REGULAR_SEASON,LG,LG,65115,안익훈,15,,,False,0.1836734693877551,3,8,0,9,1,0,37,49,2,,4,0,13,,0.241,0.204,0.445,0.01999999999999999,0.243,0.202,11.1,-0.255,-0.51
2024,2024,REGULAR_SEASON,LG,LG,66162,김주성,5,내야수,,False,0.16666666666666666,0,1,0,1,0,0,12,6,0,,3,0,0,,0.444,0.167,0.611,0.0,0.167,0.34,99.5,0.04,-0.01
2024,2024,REGULAR_SEASON,LG,LG,67504,김정율,14,내야수,,False,0.15,0,1,0,3,0,0,19,20,0,,1,1,4,,0.227,0.15,0.377,0.0,0.188,0.19,2.7,-0.157,-0.2
2024,2024,REGULAR_SEASON,LG,LG,50108,함창건,24,외야수,,False,0.14285714285714285,0,3,0,2,0,0,15,14,0,,2,0,3,,0.25,0.143,0.393,0.0,0.182,0.191,3.3,-0.492,-0.18
2024,2024,REGULAR_SEASON,LG,LG,77243,허도환,30,,,False,0.138,11,10,0,11,2,0,59,80,0,,9,10,26,,0.3,0.163,0.463,0.024999999999999994,0.2,0.234,31.6,-0.16,-0.74
2024,2024,REGULAR_SEASON,LG,LG,65905,최승민,62,,,False,0.07692307692307693,1,20,0,1,0,0,57,13,11,,2,0,3,,0.2,0.077,0.277,0.0,0.1,0.146,-25.2,-0.431,-0.15
2024,2024,REGULAR_SEASON,LG,LG,68110,송찬의,55,외야수,,False,0.06666666666666667,1,2,0,1,0,0,10,15,1,,3,1,6,,0.25,0.067,0.317,0.0,0.1,0.181,-2.5,-0.244,-0.22
2024,2024,REGULAR_SEASON,LG,LG,66145,김대현,12,투수,,False,0.0,0,0,0,0,0,0,3,0,0,,0,0,0,,0.0,0.0,0.0,0.0,0.0,0.0,0.0,0.0,0.0
2024,2024,REGULAR_SEASON,LG,LG,52105,김성우,44,포수,,False,0.0,0,0,0,0,0,0,4,5,0,,0,0,4,,0.0,0.0,0.0,0.0,0.0,0.0,-119.3,-0.075,-0.13
2024,2024,REGULAR_SEASON,LG,LG,50115,김수인,43,,,False,0.0,0,0,0,0,0,0,4,3,0,,0,0,2,,0.0,0.0,0.0,0.0,0.0,0.0,-119.3,-0.043,-0.1
2024,2024,REGULAR_SEASON,LG,LG,68130,김영준,35,투수,,False,0.0,0,0,0,0,0,0,1,0,0,,0,0,0,,0.0,0.0,0.0,0.0,0.0,0.0,0.0,0.0,0.0
2024,2024,REGULAR_SEASON,LG,LG,64596,김유영,0,투수,,False,0.0,0,0,0,0,0,0,2,0,0,,0,0,0,,0.0,0.0,0.0,0.0,0.0,0.0,0.0,0.0,0.0
2024,2024,REGULAR_SEASON,LG,LG,75867,김진성,42,투수,,False,0.0,0,0,0,0,0,0,4,0,0,,0,0,0,,0.0,0.0,0.0,0.0,0.0,0.0,0.0,0.0,0.0
2024,2024,REGULAR_SEASON,LG,LG,53139,박명근,39,투수,,False,0.0,0,0,0,0,0,0,1,0,0,,0,0,0,,0.0,0.0,0.0,0.0,0.0,0.0,0.0,0.0,0.0
2024,2024,REGULAR_SEASON,LG,LG,65109,백승현,61,투수,,False,0.0,0,0,0,0,0,0,3,1,0,,0,0,0,,0.0,0.0,0.0,0.0,0.0,0.0,0.0,0.0,0.0
2024,2024,REGULAR_SEASON,LG,LG,50106,유영찬,54,투수,,False,0.0,0,0,0,0,0,0,8,0,0,,0,0,0,,0.0,0.0,0.0,0.0,0.0,0.0,0.0,0.0,0.0
2024,2024,REGULAR_SEASON,LG,LG,50904,이종준,134,투수,,False,0.0,0,0,0,0,0,0,2,0,0,,0,0,0,,0.0,0.0,0.0,0.0,0.0,0.0,0.0,0.0,0.0
2024,2024,REGULAR_SEASON,LG,LG,69108,이지강,32,투수,,False,0.0,0,0,0,0,0,0,4,0,0,,0,0,0,,0.0,0.0,0.0,0.0,0.0,0.0,0.0,0.0,0.0
2024,2024,REGULAR_SEASON,LG,LG,69113,임준형,14,투수,,False,0.0,0,0,0,0,0,0,1,0,0,,0,0,0,,0.0,0.0,0.0,0.0,0.0,0.0,0.0,0.0,0.0
2024,2024,REGULAR_SEASON,LG,LG,67123,전준호,32,투수,,False,0.0,0,0,0,0,0,0,3,1,0,,0,0,1,,0.0,0.0,0.0,0.0,0.0,0.0,-119.3,0.0,-0.02
2024,2024,REGULAR_SEASON,LG,LG,69159,정우영,18,투수,,False,0.0,0,0,0,0,0,0,1,1,0,,0,0,1,,0.0,0.0,0.0,0.0,0.0,0.0,0.0,-0.009,0.0
2024,2024,REGULAR_SEASON,LG,LG,54148,진우영,101,투수,,False,0.0,0,0,0,0,0,0,1,0,0,,0,0,0,,0.0,0.0,0.0,0.0,0.0,0.0,0.0,0.0,0.0
2024,2024,REGULAR_SEASON,LG,LG,79140,최동환,16,투수,,False,0.0,0,0,0,0,0,0,1,0,0,,0,0,0,,0.0,0.0,0.0,0.0,0.0,0.0,0.0,0.0,0.0
2024,2024,REGULAR_SEASON,LG,LG,63248,함덕주,11,투수,,False,0.0,0,0,0,0,0,0,1,0,0,,0,0,0,,0.0,0.0,0.0,0.0,0.0,0.0,0.0,0.0,0.0
2024,2024,REGULAR_SEASON,LT,롯데,54529,레이예스,29,외야수,2,True,0.3519163763066202,111,88,15,202,40,3,144,574,5,,46,1,82,,0.394,0.51,0.904,0.15800000000000003,0.383,0.406,133.3,3.466,4.84
2024,2024,REGULAR_SEASON,LT,롯데,51551,나승엽,51,내야수,14,True,0.31203931203931207,66,59,7,127,35,4,121,407,1,,69,4,83,,0.411,0.469,0.88,0.15699999999999997,0.37,0.389,122.5,1.839,3.29
2024,2024,REGULAR_SEASON,LT,롯데,69517,고승민,2,내야수,17,True,0.3076923076923077,87,79,14,148,27,6,120,481,5,,41,1,78,,0.358,0.476,0.834,0.16799999999999998,0.338,0.365,108.5,-0.198,3.2800000000000002
2024,2024,REGULAR_SEASON,LT,롯데,52591,윤동희,91,외야수,27,True,0.2932330827067669,85,97,14,156,35,4,141,532,7,,67,7,114,,0.376,0.453,0.829,0.16000000000000003,0.347,0.374,113.8,-0.382,3.5
2024,2024,REGULAR_SEASON,LT,롯데,78513,전준우,8,외야수,28,True,0.29314420803782504,82,57,17,124,26,2,109,423,3,,49,5,84,,0.369,0.485,0.854,0.192,0.327,0.381,120.3,-1.083,3.14
2024,2024,REGULAR_SEASON,LT,롯데,62802,박승욱,53,내야수,48,True,0.2617283950617284,53,57,7,106,19,1,139,405,4,,47,10,120,,0.351,0.365,0.716,0.10299999999999998,0.352,0.324,80.2,-2.335,0.73
2024,2024,REGULAR_SEASON,LT,롯데,54567,강성우,0,내야수,,False,0.5,0,0,0,1,0,0,2,2,0,,0,0,0,,0.5,0.5,1.0,0.0,0.5,0.3,67.0,-0.045,-0.05
2024,2024,REGULAR_SEASON,LT,롯데,50608,이인한,102,외야수,,False,0.5,2,0,0,2,0,0,5,4,0,,0,1,1,,0.6,0.5,1.1,0.0,0.667,0.51,201.8,0.065,0.09
2024,2024,REGULAR_SEASON,LT,롯데,54598,이호준,30,내야수,,False,0.3333333333333333,3,5,0,2,1,1,12,6,0,,1,0,1,,0.429,0.833,1.262,0.49999999999999994,0.4,0.503,182.6,0.073,0.14
2024,2024,REGULAR_SEASON,LT,롯데,50500,황성빈,0,외야수,,False,0.319672131147541,26,94,4,117,15,8,125,366,51,,31,2,56,,0.375,0.437,0.812,0.11699999999999999,0.368,0.361,104.5,-0.231,2.5
2024,2024,REGULAR_SEASON,LT,롯데,50150,손호영,33,외야수,,False,0.3165829145728643,78,70,18,126,26,4,102,398,7,,17,9,65,,0.354,0.538,0.892,0.22100000000000003,0.338,0.392,124.6,3.079,2.76
2024,2024,REGULAR_SEASON,LT,롯데,67644,이정훈,33,외야수,,False,0.3,18,10,0,30,8,0,65,100,0,,13,0,21,,0.374,0.38,0.754,0.08000000000000002,0.37,0.358,98.9,-0.37,0.42
2024,2024,REGULAR_SEASON,LT,롯데,60523,정훈,9,,,False,0.26666666666666666,47,31,9,76,20,0,109,285,1,,35,0,63,,0.343,0.432,0.775,0.16499999999999998,0.309,0.344,95.9,0.272,1.07
2024,2024,REGULAR_SEASON,LT,롯데,69453,이학주,7,,,False,0.2631578947368421,4,13,2,25,2,2,43,95,0,,6,2,44,,0.32,0.389,0.709,0.126,0.469,0.326,83.6,-0.867,0.37
2024,2024,REGULAR_SEASON,LT,롯데,68525,한동희,25,내야수,,False,0.2571428571428571,3,1,0,9,2,0,14,35,0,,1,0,9,,0.278,0.314,0.592,0.056999999999999995,0.346,0.251,21.4,-0.463,-0.33
2024,2024,REGULAR_SEASON,LT,롯데,62884,최항,14,내야수,,False,0.25,12,17,0,33,3,1,72,132,0,,10,1,32,,0.308,0.288,0.596,0.03799999999999998,0.33,0.275,50.5,-1.339,-0.2
2024,2024,REGULAR_SEASON,LT,롯데,68518,정보근,42,포수,,False,0.22556390977443608,7,9,2,30,0,1,89,133,0,,3,0,31,,0.243,0.286,0.529,0.05999999999999997,0.28,0.235,25.9,-1.974,-0.64
2024,2024,REGULAR_SEASON,LT,롯데,62931,노진혁,52,내야수,,False,0.21897810218978103,13,13,2,30,6,0,73,137,0,,15,1,39,,0.297,0.307,0.604,0.088,0.286,0.287,56.3,-1.374,-0.41
2024,2024,REGULAR_SEASON,LT,롯데,53554,김민석,2,외야수,,False,0.21052631578947367,6,14,0,16,3,1,41,76,3,,2,4,20,,0.268,0.276,0.544,0.06500000000000003,0.286,0.269,46.4,-0.809,-0.18
2024,2024,REGULAR_SEASON,LT,롯데,52504,김동혁,50,외야수,,False,0.2,1,8,0,3,0,1,39,15,3,,2,0,5,,0.294,0.333,0.627,0.133,0.3,0.282,51.7,-0.21,-0.19
2024,2024,REGULAR_SEASON,LT,롯데,77564,김민성,16,내야수,,False,0.2,8,6,2,14,5,0,35,70,0,,10,3,18,,0.321,0.357,0.678,0.15699999999999997,0.235,0.319,80.1,-0.176,0.06
2024,2024,REGULAR_SEASON,LT,롯데,78756,오선진,6,내야수,,False,0.2,0,0,0,4,1,0,26,20,0,,2,2,8,,0.333,0.25,0.583,0.04999999999999999,0.333,0.237,27.1,-0.562,-0.13
2024,2024,REGULAR_SEASON,LT,롯데,51528,손성빈,28,포수,,False,0.19736842105263158,21,24,6,30,6,2,86,152,0,,13,3,38,,0.271,0.382,0.653,0.185,0.218,0.293,63.8,-1.147,0.04
2024,2024,REGULAR_SEASON,LT,롯데,61102,유강남,27,포수,,False,0.19117647058823528,20,11,5,26,3,0,52,136,0,,9,7,25,,0.275,0.324,0.599,0.133,0.196,0.279,55.9,-1.812,-0.14
2024,2024,REGULAR_SEASON,LT,롯데,51560,이주찬,63,내야수,,False,0.16666666666666666,2,7,1,4,1,0,17,24,0,,1,0,9,,0.2,0.333,0.533,0.166,0.214,0.339,94.5,0.206,-0.07
2024,2024,REGULAR_SEASON,LT,롯데,69508,신윤후,3,외야수,,False,0.16129032258064516,1,5,0,5,0,0,39,31,0,,1,2,8,,0.235,0.161,0.396,0.0,0.217,0.218,15.6,-0.312,0.39
2024,2024,REGULAR_SEASON,LT,롯데,68507,장두성,7,외야수,,False,0.15625,1,23,0,5,0,0,71,32,14,,3,2,9,,0.27,0.156,0.426,0.0,0.217,0.221,17.1,0.002,-0.24
2024,2024,REGULAR_SEASON,LT,롯데,53569,서동욱,0,포수,,False,0.11538461538461539,0,2,0,3,1,0,33,26,0,,0,1,8,,0.148,0.154,0.302,0.03899999999999999,0.167,0.14,-35.1,-0.571,-0.31
2024,2024,REGULAR_SEASON,LT,롯데,54506,강승구,110,포수,,False,0.0,0,0,0,0,0,0,5,2,0,,0,0,1,,0.0,0.0,0.0,0.0,0.0,0.0,-123.9,-0.257,-0.05
2024,2024,REGULAR_SEASON,LT,롯데,65514,강태율,32,,,False,0.0,0,0,0,0,0,0,10,10,0,,0,0,4,,0.0,0.0,0.0,0.0,0.0,0.0,-123.9,-0.163,-0.3
2024,2024,REGULAR_SEASON,LT,롯데,65522,김강현,19,투수,,False,0.0,0,0,0,0,0,0,2,0,0,,0,0,0,,0.0,0.0,0.0,0.0,0.0,0.0,0.0,0.0,0.0
2024,2024,REGULAR_SEASON,LT,롯데,62528,김원중,34,투수,,False,0.0,0,0,0,0,0,0,1,0,0,,0,0,0,,0.0,0.0,0.0,0.0,0.0,0.0,0.0,0.0,0.0
2024,2024,REGULAR_SEASON,LT,롯데,76430,김태혁,24,투수,,False,0.0,0,0,0,0,0,0,1,0,0,,0,0,0,,0.0,0.0,0.0,0.0,0.0,0.0,0.0,0.0,0.0
2024,2024,REGULAR_SEASON,LT,롯데,54507,백두산,62,,,False,0.0,0,0,0,0,0,0,1,1,0,,0,0,1,,0.0,0.0,0.0,0.0,0.0,0.0,-123.9,-0.03,-0.03
2024,2024,REGULAR_SEASON,LT,롯데,54595,이선우,95,외야수,,False,0.0,0,1,0,0,0,0,7,0,0,,0,0,0,,0.0,0.0,0.0,0.0,0.0,0.0,0.0,0.0,0.0
2024,2024,REGULAR_SEASON,LT,롯데,53568,정대선,68,내야수,,False,0.0,0,0,0,0,0,0,3,2,0,,0,0,2,,0.0,0.0,0.0,0.0,0.0,0.0,-123.9,-0.023,-0.04
2024,2024,REGULAR_SEASON,LT,롯데,68362,추재현,27,외야수,,False,0.0,0,1,0,0,0,0,2,0,1,,0,0,0,,0.0,0.0,0.0,0.0,0.0,0.0,0.0,0.013,0.0
2024,2024,REGULAR_SEASON,LT,롯데,68260,현도훈,17,투수,,False,0.0,0,0,0,0,0,0,2,0,0,,0,0,0,,0.0,0.0,0.0,0.0,0.0,0.0,0.0,0.0,0.0
2024,2024,REGULAR_SEASON,NC,NC,62907,박민우,2,내야수,9,True,0.3282275711159737,50,75,8,150,26,2,121,457,32,,54,9,79,,0.406,0.446,0.852,0.118,0.38,0.383,121.1,-0.781,3.85
2024,2024,REGULAR_SEASON,NC,NC,54944,데이비슨,24,내야수,19,True,0.3055555555555556,119,90,46,154,25,1,131,504,0,,39,17,142,,0.37,0.633,1.003,0.327,0.334,0.422,141.1,1.95,4.6899999999999995
2024,2024,REGULAR_SEASON,NC,NC,63963,권희동,36,외야수,23,True,0.3004807692307692,77,66,13,125,22,1,123,416,4,,77,10,63,,0.417,0.452,0.869,0.15200000000000002,0.324,0.391,127.8,2.162,4.74
2024,2024,REGULAR_SEASON,NC,NC,69995,서호철,5,내야수,34,True,0.28515625,61,68,10,146,19,3,141,512,1,,30,16,101,,0.342,0.393,0.735,0.10800000000000004,0.337,0.333,91.7,-3.145,1.2
2024,2024,REGULAR_SEASON,NC,NC,51344,김휘집,44,내야수,51,True,0.2581967213114754,73,78,16,126,24,1,140,488,4,,52,10,119,,0.337,0.41,0.747,0.15199999999999997,0.305,0.332,90.8,-3.145,1.33
2024,2024,REGULAR_SEASON,NC,NC,51907,김주원,7,내야수,54,True,0.2519480519480519,49,61,9,97,18,2,134,385,16,,51,25,111,,0.371,0.379,0.75,0.127,0.326,0.341,95.9,-1.025,1.94
2024,2024,REGULAR_SEASON,NC,NC,50906,박영빈,119,외야수,,False,0.5,1,3,0,3,2,0,19,6,2,,1,0,3,,0.571,0.833,1.404,0.33299999999999996,1.0,0.586,252.3,0.258,0.15
2024,2024,REGULAR_SEASON,NC,NC,79215,박건우,37,외야수,,False,0.34365325077399383,53,58,13,111,23,1,89,323,4,,33,4,54,,0.409,0.542,0.951,0.19800000000000006,0.38,0.421,143.7,2.599,3.54
2024,2024,REGULAR_SEASON,NC,NC,50902,김한별,13,내야수,,False,0.3181818181818182,3,8,0,14,1,0,40,44,0,,2,4,9,,0.4,0.341,0.741,0.02300000000000002,0.4,0.348,103.3,-0.167,0.24
2024,2024,REGULAR_SEASON,NC,NC,64022,안중열,22,포수,,False,0.2857142857142857,4,5,2,6,1,0,10,21,0,,3,0,7,,0.36,0.619,0.979,0.333,0.308,0.4,131.4,-0.283,0.25
2024,2024,REGULAR_SEASON,NC,NC,77532,손아섭,31,외야수,,False,0.2852852852852853,50,45,7,95,16,0,84,333,6,,16,0,65,,0.314,0.396,0.71,0.11100000000000004,0.332,0.322,85.2,-1.288,0.4
2024,2024,REGULAR_SEASON,NC,NC,67905,천재환,23,외야수,,False,0.2837209302325581,33,31,5,61,9,1,89,215,8,,13,4,52,,0.335,0.405,0.74,0.12100000000000005,0.352,0.335,92.9,-0.673,0.63
2024,2024,REGULAR_SEASON,NC,NC,69992,최정원,14,내야수,,False,0.2824427480916031,14,33,1,37,5,0,65,131,7,,17,4,34,,0.377,0.344,0.721,0.062,0.367,0.331,91.7,-0.791,0.37
2024,2024,REGULAR_SEASON,NC,NC,62244,박세혁,52,포수,,False,0.2635135135135135,10,21,1,39,9,0,82,148,4,,14,3,43,,0.337,0.345,0.682,0.08099999999999996,0.362,0.307,75.7,-0.614,0.17
2024,2024,REGULAR_SEASON,NC,NC,64101,한석현,33,외야수,,False,0.2465753424657534,3,10,0,18,4,1,40,73,2,,2,1,22,,0.276,0.329,0.605,0.08200000000000002,0.353,0.281,58.5,-0.366,0.47
2024,2024,REGULAR_SEASON,NC,NC,50996,박시원,53,외야수,,False,0.23404255319148937,17,17,2,33,5,1,55,141,3,,14,0,46,,0.301,0.326,0.627,0.092,0.33,0.292,65.4,-0.671,0.4
2024,2024,REGULAR_SEASON,NC,NC,67900,김수윤,5,내야수,,False,0.2222222222222222,0,0,0,2,0,0,9,9,0,,1,0,4,,0.3,0.222,0.522,0.0,0.4,0.344,100.9,-0.085,0.0
2024,2024,REGULAR_SEASON,NC,NC,50903,한재환,35,내야수,,False,0.2222222222222222,1,1,0,2,1,0,7,9,0,,0,0,3,,0.222,0.333,0.555,0.11100000000000002,0.333,0.238,30.5,-0.072,-0.06
2024,2024,REGULAR_SEASON,NC,NC,66965,도태훈,16,내야수,,False,0.21379310344827587,15,20,0,31,4,0,100,145,1,,24,6,29,,0.345,0.241,0.586,0.026999999999999996,0.263,0.302,73.5,-0.985,0.09
2024,2024,REGULAR_SEASON,NC,NC,62934,김성욱,31,외야수,,False,0.20391061452513967,60,55,17,73,8,2,129,358,10,,31,15,79,,0.291,0.38,0.671,0.17600000000000002,0.21,0.303,71.1,-0.974,0.66
2024,2024,REGULAR_SEASON,NC,NC,69203,송승환,8,,,False,0.2,0,1,0,1,0,0,3,5,0,,0,0,1,,0.2,0.2,0.4,0.0,0.25,0.18,-4.6,-0.078,-0.06
2024,2024,REGULAR_SEASON,NC,NC,68904,오영수,34,내야수,,False,0.2,5,4,3,6,0,0,20,30,0,,2,1,6,,0.265,0.5,0.765,0.3,0.136,0.343,94.5,-0.365,0.09
2024,2024,REGULAR_SEASON,NC,NC,68912,김형준,25,포수,,False,0.19491525423728814,50,39,17,69,12,0,119,354,0,,45,2,144,,0.285,0.373,0.658,0.178,0.261,0.285,59.5,-2.877,-0.31
2024,2024,REGULAR_SEASON,NC,NC,53992,박한결,0,외야수,,False,0.18461538461538463,14,8,7,12,1,0,28,65,0,,6,0,29,,0.254,0.523,0.777,0.338,0.172,0.321,79.6,-0.276,-0.06
2024,2024,REGULAR_SEASON,NC,NC,69980,김범준,115,외야수,,False,0.0,0,0,0,0,0,0,5,5,0,,0,0,2,,0.0,0.0,0.0,0.0,0.0,0.0,-121.7,-0.037,-0.13
2024,2024,REGULAR_SEASON,NC,NC,54905,김세훈,9,내야수,,False,0.0,0,0,0,0,0,0,7,4,0,,1,0,2,,0.2,0.0,0.2,0.0,0.0,0.144,-29.0,-0.045,-0.06
2024,2024,REGULAR_SEASON,NC,NC,68900,김영규,17,투수,,False,0.0,0,0,0,0,0,0,1,0,0,,0,0,0,,0.0,0.0,0.0,0.0,0.0,0.0,0.0,0.0,0.0
2024,2024,REGULAR_SEASON,NC,NC,64580,김재열,21,투수,,False,0.0,0,0,0,0,0,0,1,0,0,,0,0,0,,0.0,0.0,0.0,0.0,0.0,0.0,0.0,0.0,0.0
2024,2024,REGULAR_SEASON,NC,NC,65949,류진욱,41,투수,,False,0.0,0,0,0,0,0,0,1,0,0,,0,0,0,,0.0,0.0,0.0,0.0,0.0,0.0,0.0,0.0,0.0
2024,2024,REGULAR_SEASON,NC,NC,69962,송명기,11,투수,,False,0.0,0,0,0,0,0,0,1,0,0,,0,0,0,,0.0,0.0,0.0,0.0,0.0,0.0,0.0,0.0,0.0
2024,2024,REGULAR_SEASON,NC,NC,53991,신용석,0,포수,,False,0.0,0,0,0,0,0,0,2,2,0,,0,0,0,,0.0,0.0,0.0,0.0,0.0,0.0,-121.7,-0.008,-0.05
2024,2024,REGULAR_SEASON,NC,NC,51994,한재승,55,투수,,False,0.0,0,0,0,0,0,0,1,0,0,,0,0,0,,0.0,0.0,0.0,0.0,0.0,0.0,0.0,0.0,0.0
2024,2024,REGULAR_SEASON,OB,두산,76232,양의지,25,포수,13,True,0.313953488372093,94,57,17,135,18,1,119,430,2,,40,9,56,,0.379,0.479,0.858,0.16499999999999998,0.325,0.379,126.2,2.434,3.35
2024,2024,REGULAR_SEASON,OB,두산,79240,허경민,13,내야수,16,True,0.30935251798561153,61,69,7,129,28,0,115,417,5,,36,18,25,,0.384,0.427,0.811,0.118,0.312,0.375,126.8,0.858,3.3
2024,2024,REGULAR_SEASON,OB,두산,79231,정수빈,31,외야수,35,True,0.28431372549019607,47,95,4,145,21,3,136,510,52,,71,9,72,,0.376,0.361,0.737,0.07700000000000001,0.319,0.345,104.5,-1.335,3.38
2024,2024,REGULAR_SEASON,OB,두산,78224,김재환,32,외야수,36,True,0.28270042194092826,92,78,29,134,28,0,136,474,1,,63,6,168,,0.368,0.525,0.893,0.24200000000000005,0.367,0.381,132.7,1.388,3.86
2024,2024,REGULAR_SEASON,OB,두산,63123,강승호,23,내야수,37,True,0.2802303262955854,81,81,18,146,34,7,140,521,16,,32,7,158,,0.328,0.476,0.804,0.19599999999999995,0.367,0.348,107.8,-0.295,2.86
2024,2024,REGULAR_SEASON,OB,두산,64153,양석환,53,내야수,55,True,0.24577861163227016,107,83,34,131,25,1,142,533,5,,49,7,128,,0.316,0.488,0.804,0.242,0.259,0.347,112.7,-0.523,2.43
2024,2024,REGULAR_SEASON,OB,두산,54219,류현준,67,포수,,False,0.6666666666666666,1,0,0,2,1,0,2,3,0,,0,0,0,,0.667,1.0,1.667,0.33299999999999996,0.667,0.713,352.0,0.3,0.11
2024,2024,REGULAR_SEASON,OB,두산,54205,여동건,5,내야수,,False,0.4,0,2,0,4,0,0,9,10,3,,1,0,2,,0.455,0.4,0.855,0.0,0.5,0.393,134.4,-0.069,0.16
2024,2024,REGULAR_SEASON,OB,두산,54214,전다민,9,외야수,,False,0.3333333333333333,1,10,0,9,2,0,25,27,1,,7,0,8,,0.471,0.407,0.878,0.07399999999999995,0.474,0.406,145.2,-0.178,0.4
2024,2024,REGULAR_SEASON,OB,두산,54295,제러드,95,외야수,,False,0.3263888888888889,39,29,10,47,16,1,38,144,4,,21,3,35,,0.42,0.66,1.08,0.334,0.37,0.451,182.5,1.023,2.58
2024,2024,REGULAR_SEASON,OB,두산,52025,라모스,0,,,False,0.3054662379421222,48,43,10,95,19,3,80,311,3,,27,3,60,,0.36,0.482,0.842,0.177,0.344,0.38,130.0,0.81,2.37
2024,2024,REGULAR_SEASON,OB,두산,74206,김재호,0,,,False,0.30158730158730157,11,20,1,38,5,0,57,126,0,,19,1,23,,0.395,0.365,0.76,0.063,0.359,0.352,109.8,-0.101,0.79
2024,2024,REGULAR_SEASON,OB,두산,66233,홍성호,34,외야수,,False,0.2857142857142857,1,0,0,4,2,0,15,14,1,,1,0,7,,0.333,0.429,0.762,0.14300000000000002,0.571,0.333,100.6,-0.207,0.08
2024,2024,REGULAR_SEASON,OB,두산,66112,김기연,22,포수,,False,0.2777777777777778,31,31,5,70,10,0,95,252,0,,22,2,47,,0.337,0.377,0.714,0.09899999999999998,0.32,0.327,95.8,-1.204,0.92
2024,2024,REGULAR_SEASON,OB,두산,67207,이유찬,13,내야수,,False,0.27705627705627706,23,39,3,64,11,0,103,231,16,,22,1,51,,0.341,0.364,0.705,0.08699999999999997,0.343,0.316,88.2,-2.042,0.56
2024,2024,REGULAR_SEASON,OB,두산,66209,조수행,51,외야수,,False,0.2652439024390244,30,60,0,87,5,2,130,328,64,,33,3,53,,0.334,0.293,0.627,0.02799999999999997,0.312,0.294,70.0,-0.526,0.48
2024,2024,REGULAR_SEASON,OB,두산,53296,윤준호,27,포수,,False,0.25,1,1,0,1,0,0,3,4,0,,0,0,1,,0.25,0.25,0.5,0.0,0.333,0.225,26.4,0.003,-0.02
2024,2024,REGULAR_SEASON,OB,두산,50244,장규빈,44,포수,,False,0.25,0,1,0,1,0,0,3,4,0,,0,0,1,,0.25,0.25,0.5,0.0,0.333,0.225,26.4,-0.001,-0.02
2024,2024,REGULAR_SEASON,OB,두산,68205,전민재,13,내야수,,False,0.24596774193548387,32,34,2,61,5,1,100,248,7,,17,4,53,,0.301,0.298,0.599,0.05199999999999999,0.301,0.279,60.7,-0.819,-0.34
2024,2024,REGULAR_SEASON,OB,두산,66928,박준영,16,내야수,,False,0.22580645161290322,28,25,7,42,9,2,65,186,2,,21,3,58,,0.313,0.409,0.722,0.18299999999999997,0.287,0.32,92.7,-1.542,1.07
2024,2024,REGULAR_SEASON,OB,두산,66203,서예일,16,,,False,0.2222222222222222,1,2,0,4,0,0,24,18,0,,2,0,5,,0.3,0.222,0.522,0.0,0.308,0.252,43.8,-0.14,-0.1
2024,2024,REGULAR_SEASON,OB,두산,65269,김민혁,10,내야수,,False,0.2,2,1,1,1,0,0,5,5,0,,3,0,3,,0.5,0.8,1.3,0.6000000000000001,0.0,0.514,228.1,-0.049,0.16
2024,2024,REGULAR_SEASON,OB,두산,64468,박계범,14,내야수,,False,0.2,0,5,0,3,1,0,24,15,1,,5,0,7,,0.4,0.267,0.667,0.067,0.375,0.332,97.0,-0.145,-0.05
2024,2024,REGULAR_SEASON,OB,두산,64011,안승한,20,,,False,0.2,0,0,0,1,0,0,4,5,0,,0,0,1,,0.2,0.2,0.4,0.0,0.25,0.18,-2.5,-0.084,-0.05
2024,2024,REGULAR_SEASON,OB,두산,63202,장승현,46,포수,,False,0.2,0,1,0,4,2,0,9,20,0,,2,0,5,,0.273,0.3,0.573,0.09999999999999998,0.267,0.249,44.6,-0.248,-0.12
2024,2024,REGULAR_SEASON,OB,두산,63257,김인태,33,외야수,,False,0.17391304347826086,2,3,1,4,0,0,10,23,0,,2,0,7,,0.231,0.304,0.535,0.13,0.188,0.234,37.3,-0.441,-0.17
2024,2024,REGULAR_SEASON,OB,두산,69238,김대한,32,외야수,,False,0.13333333333333333,7,10,1,10,1,0,61,75,1,,8,2,26,,0.23,0.187,0.417,0.05399999999999999,0.18,0.209,17.7,-0.72,-0.9
2024,2024,REGULAR_SEASON,OB,두산,50293,양찬열,57,,,False,0.125,1,2,0,1,0,0,11,8,0,,4,0,1,,0.417,0.125,0.542,0.0,0.143,0.315,84.3,0.101,-0.01
2024,2024,REGULAR_SEASON,OB,두산,69207,김태근,64,,,False,0.08695652173913043,1,7,0,2,0,0,43,23,0,,0,3,10,,0.192,0.087,0.279,0.0,0.154,0.15,-21.9,-0.56,-0.44
2024,2024,REGULAR_SEASON,OB,두산,50203,권휘,0,투수,,False,0.0,0,0,0,0,0,0,1,1,0,,0,0,1,,0.0,0.0,0.0,0.0,0.0,0.0,0.0,0.0,0.0
2024,2024,REGULAR_SEASON,OB,두산,77263,김강률,37,투수,,False,0.0,0,0,0,0,0,0,1,0,0,,0,0,0,,0.0,0.0,0.0,0.0,0.0,0.0,0.0,0.0,0.0
2024,2024,REGULAR_SEASON,OB,두산,51230,김동주,41,투수,,False,0.0,0,0,0,0,0,0,1,0,0,,0,0,0,,0.0,0.0,0.0,0.0,0.0,0.0,0.0,0.0,0.0
2024,2024,REGULAR_SEASON,OB,두산,67246,김명신,46,투수,,False,0.0,0,0,0,0,0,0,3,0,0,,0,0,0,,0.0,0.0,0.0,0.0,0.0,0.0,0.0,0.0,0.0
2024,2024,REGULAR_SEASON,OB,두산,68200,김민규,19,투수,,False,0.0,0,0,0,0,0,0,1,0,0,,0,0,0,,0.0,0.0,0.0,0.0,0.0,0.0,0.0,0.0,0.0
2024,2024,REGULAR_SEASON,OB,두산,54263,김택연,63,투수,,False,0.0,0,0,0,0,0,0,1,0,0,,0,0,0,,0.0,0.0,0.0,0.0,0.0,0.0,0.0,0.0,0.0
2024,2024,REGULAR_SEASON,OB,두산,68269,김호준,56,투수,,False,0.0,0,0,0,0,0,0,2,0,0,,0,0,0,,0.0,0.0,0.0,0.0,0.0,0.0,0.0,0.0,0.0
2024,2024,REGULAR_SEASON,OB,두산,53204,박민준,26,포수,,False,0.0,0,0,0,0,0,0,5,5,0,,0,0,3,,0.0,0.0,0.0,0.0,0.0,0.0,-118.4,-0.023,-0.12
2024,2024,REGULAR_SEASON,OB,두산,65639,박정수,17,투수,,False,0.0,0,0,0,0,0,0,1,0,0,,0,0,0,,0.0,0.0,0.0,0.0,0.0,0.0,0.0,0.0,0.0
2024,2024,REGULAR_SEASON,OB,두산,67266,박치국,1,투수,,False,0.0,0,0,0,0,0,0,3,0,0,,0,0,0,,0.0,0.0,0.0,0.0,0.0,0.0,0.0,0.0,0.0
2024,2024,REGULAR_SEASON,OB,두산,50208,오명진,6,내야수,,False,0.0,1,0,0,0,0,0,2,1,0,,1,0,1,,0.5,0.0,0.5,0.0,0.0,0.36,113.3,-0.095,0.01
2024,2024,REGULAR_SEASON,OB,두산,69205,이교훈,36,투수,,False,0.0,0,0,0,0,0,0,5,0,0,,0,0,0,,0.0,0.0,0.0,0.0,0.0,0.0,0.0,0.0,0.0
2024,2024,REGULAR_SEASON,OB,두산,52204,이병헌,29,투수,,False,0.0,0,0,0,0,0,0,1,0,0,,0,0,0,,0.0,0.0,0.0,0.0,0.0,0.0,0.0,0.0,0.0
2024,2024,REGULAR_SEASON,OB,두산,66291,이영하,50,투수,,False,0.0,0,0,0,0,0,0,2,0,0,,0,0,0,,0.0,0.0,0.0,0.0,0.0,0.0,0.0,0.0,0.0
2024,2024,REGULAR_SEASON,OB,두산,54236,임종성,3,내야수,,False,0.0,0,0,0,0,0,0,1,3,0,,1,0,1,,0.25,0.0,0.25,0.0,0.0,0.18,-2.6,0.015,-0.04
2024,2024,REGULAR_SEASON,OB,두산,68242,정철원,65,투수,,False,0.0,0,0,0,0,0,0,2,0,0,,0,0,0,,0.0,0.0,0.0,0.0,0.0,0.0,0.0,0.0,0.0
2024,2024,REGULAR_SEASON,OB,두산,51264,최승용,28,투수,,False,0.0,0,0,0,0,0,0,1,0,0,,0,0,0,,0.0,0.0,0.0,0.0,0.0,0.0,0.0,0.0,0.0
2024,2024,REGULAR_SEASON,OB,두산,52206,최지강,42,투수,,False,0.0,0,0,0,0,0,0,2,0,0,,0,0,0,,0.0,0.0,0.0,0.0,0.0,0.0,0.0,0.0,0.0
2024,2024,REGULAR_SEASON,OB,두산,61643,홍건희,52,투수,,False,0.0,0,0,0,0,0,0,5,0,0,,0,0,0,,0.0,0.0,0.0,0.0,0.0,0.0,0.0,0.0,0.0
2024,2024,REGULAR_SEASON,SK,SSG,53827,에레디아,27,외야수,1,True,0.36044362292051757,118,82,21,195,31,1,136,541,4,,28,13,73,,0.399,0.538,0.937,0.17800000000000005,0.382,0.41,138.1,2.597,5.5
2024,2024,REGULAR_SEASON,SK,SSG,67893,박성한,2,내야수,21,True,0.3006134969325153,67,78,10,147,24,0,137,489,13,,64,2,86,,0.38,0.411,0.791,0.10999999999999999,0.343,0.353,103.0,0.019,2.7199999999999998
2024,2024,REGULAR_SEASON,SK,SSG,75847,최정,14,내야수,30,True,0.2905982905982906,107,93,37,136,27,2,129,468,5,,55,20,114,,0.384,0.594,0.978,0.303,0.306,0.413,137.7,2.691,4.47
2024,2024,REGULAR_SEASON,SK,SSG,50854,최지훈,54,외야수,39,True,0.2753623188405797,49,89,11,133,22,7,125,483,32,,50,2,71,,0.345,0.418,0.763,0.14299999999999996,0.303,0.34,97.6,-0.713,2.57
2024,2024,REGULAR_SEASON,SK,SSG,62895,한유섬,35,외야수,56,True,0.2349137931034483,87,64,24,109,29,0,132,464,0,,46,9,142,,0.314,0.453,0.767,0.21800000000000003,0.282,0.334,87.1,0.613,0.04
2024,2024,REGULAR_SEASON,SK,SSG,54812,정준재,3,내야수,,False,0.30697674418604654,23,40,1,66,8,5,88,215,16,,19,3,49,,0.371,0.405,0.776,0.09800000000000003,0.394,0.355,109.7,-0.553,1.55
2024,2024,REGULAR_SEASON,SK,SSG,51817,추신수,17,,,False,0.28063241106719367,37,40,5,71,14,1,78,253,5,,37,4,68,,0.373,0.403,0.776,0.122,0.355,0.354,106.4,-0.409,1.29
2024,2024,REGULAR_SEASON,SK,SSG,79456,이지영,56,포수,,False,0.27889447236180903,50,45,5,111,11,1,123,398,8,,18,7,35,,0.32,0.349,0.669,0.06999999999999995,0.294,0.311,78.6,-1.061,0.87
2024,2024,REGULAR_SEASON,SK,SSG,54805,박지환,93,내야수,,False,0.27631578947368424,21,33,4,63,9,2,76,228,8,,12,3,61,,0.317,0.386,0.703,0.10999999999999999,0.355,0.306,75.7,-0.562,0.33
2024,2024,REGULAR_SEASON,SK,SSG,60558,오태곤,37,외야수,,False,0.27530364372469635,36,43,9,68,16,0,117,247,27,,31,1,73,,0.355,0.449,0.804,0.174,0.351,0.348,97.5,0.736,1.48
2024,2024,REGULAR_SEASON,SK,SSG,51868,고명준,18,내야수,,False,0.25,45,33,11,85,13,0,106,340,3,,25,1,90,,0.303,0.385,0.688,0.135,0.31,0.321,83.4,-1.5070000000000001,0.23
2024,2024,REGULAR_SEASON,SK,SSG,69813,하재훈,13,외야수,,False,0.2482758620689655,36,40,10,72,19,0,107,290,15,,18,2,90,,0.292,0.417,0.709,0.16899999999999998,0.318,0.309,75.8,-1.275,0.32
2024,2024,REGULAR_SEASON,SK,SSG,51865,조형우,20,포수,,False,0.24242424242424243,4,4,0,8,0,0,19,33,0,,1,4,6,,0.342,0.242,0.584,0.0,0.296,0.287,64.1,0.03,-0.01
2024,2024,REGULAR_SEASON,SK,SSG,54815,정현승,0,외야수,,False,0.2413793103448276,4,1,1,7,0,0,23,29,1,,2,0,6,,0.29,0.345,0.635,0.10399999999999998,0.273,0.284,58.1,-0.098,-0.08
2024,2024,REGULAR_SEASON,SK,SSG,68868,최준우,7,외야수,,False,0.24,5,2,0,6,2,0,18,25,0,,9,0,8,,0.441,0.32,0.761,0.08000000000000002,0.353,0.369,117.7,-0.179,0.14
2024,2024,REGULAR_SEASON,SK,SSG,76802,김성현,6,내야수,,False,0.22695035460992907,15,21,1,32,3,1,71,141,2,,16,4,28,,0.321,0.284,0.605,0.05699999999999997,0.274,0.287,63.8,-0.893,0.0
2024,2024,REGULAR_SEASON,SK,SSG,66662,신범수,25,포수,,False,0.2222222222222222,2,4,0,6,3,0,11,27,0,,1,1,5,,0.276,0.333,0.609,0.11100000000000002,0.273,0.272,55.9,-0.165,-0.08
2024,2024,REGULAR_SEASON,SK,SSG,62864,김민식,24,포수,,False,0.20754716981132076,10,10,1,22,5,0,45,106,0,,16,0,33,,0.311,0.283,0.594,0.07499999999999998,0.292,0.285,62.2,-1.545,-0.05
2024,2024,REGULAR_SEASON,SK,SSG,62925,강진성,0,내야수,,False,0.18518518518518517,2,4,0,5,0,0,16,27,0,,3,0,5,,0.267,0.185,0.452,0.0,0.227,0.245,36.4,0.103,-0.16
2024,2024,REGULAR_SEASON,SK,SSG,66864,안상현,10,내야수,,False,0.17142857142857143,2,3,0,12,1,0,37,70,1,,4,0,14,,0.216,0.186,0.402,0.014999999999999986,0.214,0.199,7.4,-0.528,-0.76
2024,2024,REGULAR_SEASON,SK,SSG,69802,최경모,52,,,False,0.17142857142857143,0,12,0,6,0,0,50,35,6,,8,0,7,,0.326,0.171,0.497,0.0,0.214,0.242,34.4,-0.645,-0.43
2024,2024,REGULAR_SEASON,SK,SSG,68805,최상민,0,,,False,0.16666666666666666,1,9,0,2,2,0,43,12,2,,0,1,5,,0.231,0.333,0.564,0.166,0.286,0.319,86.8,0.109,0.29
2024,2024,REGULAR_SEASON,SK,SSG,50820,전의산,56,내야수,,False,0.08771929824561403,3,3,1,5,0,0,34,57,0,,5,0,15,,0.159,0.14,0.299,0.05200000000000002,0.095,0.16,-20.1,-0.675,-0.92
2024,2024,REGULAR_SEASON,SK,SSG,66917,김찬형,5,,,False,0.0,0,0,0,0,0,0,5,9,0,,0,0,4,,0.0,0.0,0.0,0.0,0.0,0.0,-121.5,-0.082,-0.23
2024,2024,REGULAR_SEASON,SK,SSG,69825,김창평,64,외야수,,False,0.0,0,1,0,0,0,0,6,7,1,,2,0,4,,0.222,0.0,0.222,0.0,0.0,0.16,-18.6,-0.148,-0.1
2024,2024,REGULAR_SEASON,SK,SSG,50868,류효승,45,외야수,,False,0.0,0,0,0,0,0,0,1,2,0,,0,0,0,,0.0,0.0,0.0,0.0,0.0,0.0,-121.5,-0.001,-0.05
2024,2024,REGULAR_SEASON,SK,SSG,62869,문승원,42,투수,,False,0.0,0,0,0,0,0,0,6,1,0,,0,0,1,,0.0,0.0,0.0,0.0,0.0,0.0,0.0,-0.003,0.0
2024,2024,REGULAR_SEASON,SK,SSG,64893,박민호,41,,,False,0.0,0,0,0,0,0,0,1,0,0,,0,0,0,,0.0,0.0,0.0,0.0,0.0,0.0,0.0,0.0,0.0
2024,2024,REGULAR_SEASON,SK,SSG,53892,이로운,92,투수,,False,0.0,0,0,0,0,0,0,3,0,0,,0,0,0,,0.0,0.0,0.0,0.0,0.0,0.0,0.0,0.0,0.0
2024,2024,REGULAR_SEASON,SK,SSG,51897,조병현,19,투수,,False,0.0,0,0,0,0,0,0,3,0,0,,0,0,0,,0.0,0.0,0.0,0.0,0.0,0.0,0.0,0.0,0.0
2024,2024,REGULAR_SEASON,SK,SSG,69804,채현우,15,외야수,,False,0.0,0,0,0,0,0,0,1,0,0,,0,0,0,,0.0,0.0,0.0,0.0,0.0,0.0,0.0,0.0,0.0
2024,2024,REGULAR_SEASON,SK,SSG,65157,최민창,0,외야수,,False,0.0,0,2,0,0,0,0,7,3,0,,0,0,1,,0.0,0.0,0.0,0.0,0.0,0.0,-121.5,-0.117,-0.08
2024,2024,REGULAR_SEASON,SK,SSG,68092,한두솔,34,투수,,False,0.0,0,0,0,0,0,0,1,0,0,,0,0,0,,0.0,0.0,0.0,0.0,0.0,0.0,0.0,0.0,0.0
2024,2024,REGULAR_SEASON,SK,SSG,50840,현원회,8,내야수,,False,0.0,0,0,0,0,0,0,1,1,0,,0,0,1,,0.0,0.0,0.0,0.0,0.0,0.0,-121.5,0.0,-0.03
2024,2024,REGULAR_SEASON,SS,삼성,62404,구자욱,5,외야수,4,True,0.34279918864097364,115,92,33,169,39,1,129,493,13,,55,12,73,,0.417,0.627,1.044,0.284,0.346,0.445,151.6,4.768,6.17
2024,2024,REGULAR_SEASON,SS,삼성,50458,김지찬,58,내야수,12,True,0.31567328918322296,36,102,3,143,16,3,135,453,42,,60,9,40,,0.405,0.384,0.789,0.068,0.341,0.363,107.3,-0.358,3.04
2024,2024,REGULAR_SEASON,SS,삼성,74540,강민호,47,포수,20,True,0.3027295285359802,77,48,19,122,19,1,136,403,3,,35,8,52,,0.365,0.496,0.861,0.193,0.305,0.376,110.9,1.061,3.14
2024,2024,REGULAR_SEASON,SS,삼성,52415,이재현,7,내야수,49,True,0.2596401028277635,66,71,14,101,18,1,109,389,2,,58,8,83,,0.365,0.419,0.784,0.15899999999999997,0.295,0.357,100.9,0.221,2.33
2024,2024,REGULAR_SEASON,SS,삼성,52430,김영웅,30,내야수,53,True,0.25219298245614036,79,65,28,115,16,3,126,456,9,,45,3,155,,0.321,0.485,0.806,0.23299999999999998,0.314,0.358,99.7,0.937,1.94
2024,2024,REGULAR_SEASON,SS,삼성,54444,카디네스,4,,,False,0.3333333333333333,5,2,2,8,2,0,7,24,0,,1,0,6,,0.36,0.667,1.027,0.334,0.375,0.465,164.7,0.545,0.25
2024,2024,REGULAR_SEASON,SS,삼성,61404,김헌곤,32,외야수,,False,0.302491103202847,34,43,9,85,8,1,117,281,4,,22,3,50,,0.358,0.434,0.792,0.132,0.341,0.36,104.3,0.022,0.97
2024,2024,REGULAR_SEASON,SS,삼성,54424,맥키넌,24,,,False,0.29411764705882354,36,28,4,80,13,0,72,272,1,,39,1,33,,0.381,0.386,0.767,0.09200000000000003,0.319,0.353,97.0,0.012,0.74
2024,2024,REGULAR_SEASON,SS,삼성,68463,윤정빈,31,외야수,,False,0.2857142857142857,20,26,7,46,4,1,69,161,1,,22,3,47,,0.378,0.453,0.831,0.16700000000000004,0.358,0.391,123.0,1.018,1.1400000000000001
2024,2024,REGULAR_SEASON,SS,삼성,54400,디아즈,0,내야수,,False,0.2818181818181818,19,14,7,31,5,0,29,110,0,,6,2,25,,0.331,0.518,0.849,0.23600000000000004,0.308,0.362,101.7,0.109,0.44
2024,2024,REGULAR_SEASON,SS,삼성,62234,류지혁,16,내야수,,False,0.2582781456953642,36,43,3,78,9,1,100,302,11,,33,6,70,,0.341,0.325,0.666,0.067,0.325,0.319,80.2,-0.311,0.49
2024,2024,REGULAR_SEASON,SS,삼성,64793,김민수,62,포수,,False,0.25,3,1,1,2,0,0,9,8,0,,0,0,1,,0.25,0.625,0.875,0.375,0.167,0.356,89.2,-0.029,0.04
2024,2024,REGULAR_SEASON,SS,삼성,69428,이병헌,23,포수,,False,0.2482758620689655,9,9,1,36,4,0,95,145,0,,17,2,48,,0.335,0.297,0.632,0.04899999999999999,0.365,0.292,63.6,-0.786,0.04
2024,2024,REGULAR_SEASON,SS,삼성,67449,김성윤,39,외야수,,False,0.24324324324324326,6,15,0,18,4,0,32,74,3,,9,1,16,,0.326,0.297,0.623,0.05399999999999999,0.3,0.289,62.1,-0.651,0.17
2024,2024,REGULAR_SEASON,SS,삼성,66409,이성규,13,외야수,,False,0.24172185430463577,57,56,22,73,10,1,122,302,9,,31,15,109,,0.339,0.5,0.839,0.258,0.293,0.369,105.8,0.079,1.51
2024,2024,REGULAR_SEASON,SS,삼성,53400,김재상,14,내야수,,False,0.23809523809523808,12,13,2,20,4,0,35,84,4,,5,0,23,,0.278,0.357,0.635,0.119,0.3,0.275,50.5,-0.687,-0.09
2024,2024,REGULAR_SEASON,SS,삼성,75125,박병호,52,,,False,0.23142857142857143,70,52,23,81,7,0,120,350,4,,47,7,121,,0.333,0.449,0.782,0.218,0.279,0.343,91.0,-0.338,0.99
2024,2024,REGULAR_SEASON,SS,삼성,65586,전병우,61,내야수,,False,0.22522522522522523,14,17,5,25,5,0,58,111,0,,14,1,42,,0.313,0.405,0.718,0.18000000000000002,0.303,0.315,73.6,-0.811,0.05
2024,2024,REGULAR_SEASON,SS,삼성,51417,김현준,41,외야수,,False,0.22404371584699453,11,23,0,41,10,1,79,183,2,,11,4,49,,0.279,0.29,0.569,0.06599999999999998,0.299,0.271,50.7,-1.946,-0.13
2024,2024,REGULAR_SEASON,SS,삼성,66406,안주형,14,,,False,0.21830985915492956,8,24,0,31,2,0,82,142,4,,11,1,39,,0.279,0.232,0.511,0.014000000000000012,0.301,0.252,38.5,-1.1360000000000001,-0.39
2024,2024,REGULAR_SEASON,SS,삼성,65132,김재성,2,포수,,False,0.2,1,3,0,4,1,0,10,20,0,,3,0,5,,0.304,0.25,0.554,0.04999999999999999,0.267,0.305,72.6,-0.381,-0.03
2024,2024,REGULAR_SEASON,SS,삼성,65040,김태훈,25,외야수,,False,0.2,1,2,0,4,1,0,12,20,0,,0,1,3,,0.238,0.25,0.488,0.04999999999999999,0.235,0.223,19.9,-0.381,-0.17
2024,2024,REGULAR_SEASON,SS,삼성,51407,이창용,50,내야수,,False,0.19047619047619047,2,1,0,4,1,0,9,21,0,,0,0,4,,0.19,0.238,0.428,0.04799999999999999,0.235,0.188,-3.1,-0.27,-0.25
2024,2024,REGULAR_SEASON,SS,삼성,52424,김재혁,8,외야수,,False,0.1836734693877551,6,6,0,9,2,1,35,49,2,,3,0,19,,0.222,0.265,0.487,0.08100000000000002,0.281,0.249,37.0,-0.819,-0.35
2024,2024,REGULAR_SEASON,SS,삼성,54408,양도근,68,내야수,,False,0.17391304347826086,2,5,0,4,0,1,16,23,0,,5,0,8,,0.321,0.261,0.582,0.08700000000000002,0.267,0.271,51.9,-0.232,0.07
2024,2024,REGULAR_SEASON,SS,삼성,66838,김동엽,38,,,False,0.1111111111111111,2,1,0,2,1,0,8,18,0,,1,1,5,,0.19,0.167,0.357,0.05600000000000001,0.143,0.191,-24.4,-0.178,-0.28
2024,2024,REGULAR_SEASON,SS,삼성,51403,김동진,3,,,False,0.10810810810810811,2,5,1,4,0,0,30,37,0,,3,0,10,,0.175,0.189,0.364,0.081,0.115,0.162,-22.4,-0.718,-0.42
2024,2024,REGULAR_SEASON,SS,삼성,64610,강한울,6,,,False,0.09523809523809523,1,1,0,2,0,0,18,21,0,,0,0,6,,0.091,0.095,0.186,0.0,0.125,0.072,-77.3,-0.548,-0.51
2024,2024,REGULAR_SEASON,SS,삼성,68407,공민규,9,,,False,0.07142857142857142,2,1,1,1,0,0,12,14,0,,1,2,9,,0.235,0.286,0.521,0.21499999999999997,0.0,0.245,26.5,-0.102,-0.15
2024,2024,REGULAR_SEASON,SS,삼성,54460,김호진,0,내야수,,False,0.06896551724137931,3,4,0,2,0,0,26,29,0,,1,1,11,,0.125,0.069,0.194,0.0,0.105,0.102,-57.9,-0.531,-0.53
2024,2024,REGULAR_SEASON,SS,삼성,61365,김대우,17,,,False,0.0,0,0,0,0,0,0,1,0,0,,0,0,0,,0.0,0.0,0.0,0.0,0.0,0.0,0.0,0.0,0.0
2024,2024,REGULAR_SEASON,SS,삼성,69442,김도환,24,포수,,False,0.0,0,0,0,0,0,0,1,3,0,,0,0,1,,0.0,0.0,0.0,0.0,0.0,0.0,-123.6,-0.031,-0.09
2024,2024,REGULAR_SEASON,SS,삼성,65062,김재윤,62,투수,,False,0.0,0,0,0,0,0,0,3,0,0,,0,0,0,,0.0,0.0,0.0,0.0,0.0,0.0,0.0,0.0,0.0
2024,2024,REGULAR_SEASON,SS,삼성,62360,김태훈,27,투수,,False,0.0,0,0,0,0,0,0,1,0,0,,0,0,0,,0.0,0.0,0.0,0.0,0.0,0.0,0.0,0.0,0.0
2024,2024,REGULAR_SEASON,SS,삼성,53404,류승민,43,외야수,,False,0.0,0,1,0,0,0,0,5,1,0,,2,0,1,,0.667,0.0,0.667,0.0,0.0,0.48,185.2,-0.001,0.04
2024,2024,REGULAR_SEASON,SS,삼성,69403,양우현,53,내야수,,False,0.0,1,0,0,0,0,0,7,13,0,,1,0,6,,0.071,0.0,0.071,0.0,0.0,0.048,-92.8,-0.241,-0.27
2024,2024,REGULAR_SEASON,SS,삼성,75421,오승환,21,,,False,0.0,0,0,0,0,0,0,2,0,0,,0,0,0,,0.0,0.0,0.0,0.0,0.0,0.0,0.0,0.0,0.0
2024,2024,REGULAR_SEASON,SS,삼성,54404,육선엽,4,투수,,False,0.0,0,0,0,0,0,0,1,0,0,,0,0,0,,0.0,0.0,0.0,0.0,0.0,0.0,0.0,0.0,0.0
2024,2024,REGULAR_SEASON,SS,삼성,63960,이상민,15,,,False,0.0,0,0,0,0,0,0,1,0,0,,0,0,0,,0.0,0.0,0.0,0.0,0.0,0.0,0.0,0.0,0.0
2024,2024,REGULAR_SEASON,SS,삼성,67421,최지광,11,투수,,False,0.0,0,0,0,0,0,0,1,0,0,,0,0,0,,0.0,0.0,0.0,0.0,0.0,0.0,0.0,0.0,0.0
2024,2024,REGULAR_SEASON,WO,키움,65357,송성문,24,내야수,5,True,0.3396584440227704,104,88,19,179,29,4,142,527,21,,64,3,82,,0.409,0.518,0.927,0.178,0.369,0.404,139.3,3.782,5.76
2024,2024,REGULAR_SEASON,WO,키움,67304,김혜성,3,내야수,10,True,0.32612966601178783,75,90,11,166,26,4,127,509,30,,47,4,62,,0.383,0.458,0.841,0.132,0.35,0.371,117.1,0.748,4.07
2024,2024,REGULAR_SEASON,WO,키움,50167,이주형,2,외야수,46,True,0.266384778012685,60,82,13,126,19,3,115,473,6,,49,14,119,,0.352,0.402,0.754,0.136,0.33,0.351,105.3,-1.087,2.52
2024,2024,REGULAR_SEASON,WO,키움,76267,최주환,53,내야수,52,True,0.2572614107883817,84,49,13,124,23,1,130,482,0,,47,6,92,,0.325,0.39,0.715,0.133,0.288,0.318,83.7,-1.16,0.77
2024,2024,REGULAR_SEASON,WO,키움,53327,도슨,27,,,False,0.3298429319371728,57,69,11,126,31,2,95,382,2,,39,6,54,,0.399,0.508,0.907,0.178,0.361,0.397,135.8,2.2800000000000002,3.12
2024,2024,REGULAR_SEASON,WO,키움,74163,이용규,15,외야수,,False,0.30601092896174864,12,27,1,56,5,2,60,183,2,,31,9,33,,0.429,0.372,0.801,0.066,0.367,0.38,123.4,-1.028,1.27
2024,2024,REGULAR_SEASON,WO,키움,53312,김건희,12,포수,,False,0.2567049808429119,38,27,9,67,15,0,83,261,0,,18,0,82,,0.3,0.418,0.718,0.16099999999999998,0.333,0.323,91.4,-2.574,0.67
2024,2024,REGULAR_SEASON,WO,키움,54344,고영우,44,내야수,,False,0.2559055118110236,35,21,0,65,12,2,94,254,0,,28,1,71,,0.329,0.319,0.648,0.063,0.349,0.296,68.5,-1.252,-0.57
2024,2024,REGULAR_SEASON,WO,키움,52305,박수종,87,외야수,,False,0.2558139534883721,6,23,0,33,5,1,80,129,3,,13,2,17,,0.333,0.31,0.643,0.05399999999999999,0.295,0.302,73.0,-1.036,-0.2
2024,2024,REGULAR_SEASON,WO,키움,68305,변상권,9,,,False,0.2511415525114155,21,16,5,55,3,1,77,219,0,,11,1,51,,0.289,0.342,0.631,0.09100000000000003,0.305,0.289,66.3,-1.278,-0.5
2024,2024,REGULAR_SEASON,WO,키움,54307,원성준,33,외야수,,False,0.25,11,12,2,28,5,0,51,112,2,,10,0,36,,0.306,0.348,0.654,0.09799999999999998,0.342,0.29,66.4,-0.768,0.09
2024,2024,REGULAR_SEASON,WO,키움,62332,김재현,32,포수,,False,0.24305555555555555,26,27,0,70,11,0,110,288,1,,14,10,63,,0.297,0.281,0.578,0.038000000000000034,0.306,0.264,48.8,-2.699,-0.76
2024,2024,REGULAR_SEASON,WO,키움,64346,임병욱,17,외야수,,False,0.2413793103448276,10,14,3,21,3,0,42,87,1,,4,0,32,,0.272,0.379,0.651,0.138,0.34,0.292,69.6,-0.46,-0.13
2024,2024,REGULAR_SEASON,WO,키움,64984,김태진,1,내야수,,False,0.2222222222222222,10,26,0,42,6,3,81,189,0,,7,0,27,,0.249,0.286,0.535,0.06399999999999997,0.258,0.234,26.3,-1.755,-0.99
2024,2024,REGULAR_SEASON,WO,키움,53305,박성빈,56,포수,,False,0.2222222222222222,2,1,0,2,1,0,12,9,0,,1,1,2,,0.364,0.333,0.697,0.11100000000000002,0.286,0.328,89.2,-0.083,-0.02
2024,2024,REGULAR_SEASON,WO,키움,75566,이원석,17,,,False,0.21978021978021978,8,5,0,20,4,0,39,91,0,,14,2,18,,0.33,0.264,0.594,0.04400000000000001,0.267,0.292,66.7,-0.796,-0.23
2024,2024,REGULAR_SEASON,WO,키움,78135,이형종,36,외야수,,False,0.21568627450980393,19,19,4,22,3,0,35,102,1,,22,1,27,,0.36,0.363,0.723,0.147,0.254,0.327,88.4,-0.002,0.08
2024,2024,REGULAR_SEASON,WO,키움,53344,김동헌,44,포수,,False,0.2,1,0,0,1,0,0,2,5,0,,1,1,0,,0.429,0.2,0.629,0.0,0.2,0.339,96.9,-0.014,-0.06
2024,2024,REGULAR_SEASON,WO,키움,69332,주성원,25,외야수,,False,0.2,5,7,1,11,1,0,27,55,0,,6,0,18,,0.279,0.273,0.552,0.07300000000000001,0.278,0.267,51.9,-0.288,-0.2
2024,2024,REGULAR_SEASON,WO,키움,54305,이재상,5,내야수,,False,0.19047619047619047,5,7,1,16,1,0,36,84,0,,2,2,33,,0.227,0.238,0.465,0.04799999999999999,0.3,0.21,15.4,-0.875,-0.61
2024,2024,REGULAR_SEASON,WO,키움,50304,김병휘,23,내야수,,False,0.1694915254237288,3,6,1,10,3,0,28,59,0,,6,5,26,,0.3,0.271,0.571,0.10200000000000001,0.281,0.27,53.3,-0.432,-0.08
2024,2024,REGULAR_SEASON,WO,키움,51359,장재영,0,투수,,False,0.16806722689075632,13,14,4,20,3,0,38,119,0,,17,3,64,,0.288,0.294,0.582,0.12599999999999997,0.314,0.271,56.0,-0.975,0.01
2024,2024,REGULAR_SEASON,WO,키움,69306,김주형,6,,,False,0.15,2,0,0,3,0,0,22,20,0,,1,3,9,,0.292,0.15,0.442,0.0,0.273,0.227,25.0,-0.302,-0.19
2024,2024,REGULAR_SEASON,WO,키움,51303,김시앙,26,포수,,False,0.14285714285714285,0,1,0,1,0,0,6,7,0,,0,0,1,,0.143,0.143,0.286,0.0,0.167,0.129,-38.2,-0.127,-0.09
2024,2024,REGULAR_SEASON,WO,키움,65898,김웅빈,10,내야수,,False,0.125,2,2,0,4,0,0,12,32,0,,4,1,15,,0.243,0.125,0.368,0.0,0.235,0.19,1.5,-0.447,-0.38
2024,2024,REGULAR_SEASON,WO,키움,53302,이승원,0,내야수,,False,0.10810810810810811,1,3,0,4,1,0,20,37,0,,2,0,13,,0.154,0.135,0.289,0.02700000000000001,0.167,0.131,-36.8,-0.674,-0.64
2024,2024,REGULAR_SEASON,WO,키움,50357,박주홍,57,외야수,,False,0.10204081632653061,1,5,0,5,2,0,25,49,2,,10,0,17,,0.254,0.143,0.397,0.040999999999999995,0.156,0.21,13.7,-0.599,-0.32
2024,2024,REGULAR_SEASON,WO,키움,64340,임지열,29,외야수,,False,0.10204081632653061,5,4,1,5,0,0,22,49,0,,7,0,16,,0.211,0.163,0.374,0.06100000000000001,0.121,0.218,20.9,-0.983,-0.5
2024,2024,REGULAR_SEASON,WO,키움,50393,김동욱,65,투수,,False,0.0,0,0,0,0,0,0,1,0,0,,0,0,0,,0.0,0.0,0.0,0.0,0.0,0.0,0.0,0.0,0.0
2024,2024,REGULAR_SEASON,WO,키움,66018,김선기,49,투수,,False,0.0,0,0,0,0,0,0,1,0,0,,0,0,0,,0.0,0.0,0.0,0.0,0.0,0.0,0.0,0.0,0.0
2024,2024,REGULAR_SEASON,WO,키움,68346,김수환,13,,,False,0.0,0,0,0,0,0,0,2,3,0,,0,0,1,,0.0,0.0,0.0,0.0,0.0,0.0,-121.0,-0.123,-0.08
2024,2024,REGULAR_SEASON,WO,키움,54368,김연주,68,투수,,False,0.0,0,0,0,0,0,0,4,0,0,,0,0,0,,0.0,0.0,0.0,0.0,0.0,0.0,0.0,0.0,0.0
2024,2024,REGULAR_SEASON,WO,키움,54319,김윤하,19,투수,,False,0.0,0,0,0,0,0,0,1,0,0,,0,0,0,,0.0,0.0,0.0,0.0,0.0,0.0,0.0,0.0,0.0
2024,2024,REGULAR_SEASON,WO,키움,67391,김재웅,28,투수,,False,0.0,0,0,0,0,0,0,2,0,0,,0,0,0,,0.0,0.0,0.0,0.0,0.0,0.0,0.0,0.0,0.0
2024,2024,REGULAR_SEASON,WO,키움,60336,문성현,21,,,False,0.0,0,0,0,0,0,0,1,0,0,,0,0,0,,0.0,0.0,0.0,0.0,0.0,0.0,0.0,0.0,0.0
2024,2024,REGULAR_SEASON,WO,키움,54304,박범준,0,투수,,False,0.0,0,0,0,0,0,0,1,0,0,,0,0,0,,0.0,0.0,0.0,0.0,0.0,0.0,0.0,0.0,0.0
2024,2024,REGULAR_SEASON,WO,키움,69363,박준형,102,포수,,False,0.0,0,0,0,0,0,0,4,5,0,,0,0,3,,0.0,0.0,0.0,0.0,0.0,0.0,-121.0,-0.12,-0.12
2024,2024,REGULAR_SEASON,WO,키움,54394,송지후,86,내야수,,False,0.0,0,1,0,0,0,0,2,1,0,,0,0,0,,0.0,0.0,0.0,0.0,0.0,0.92,471.1,0.008,0.05
2024,2024,REGULAR_SEASON,WO,키움,50312,신준우,37,,,False,0.0,0,0,0,0,0,0,1,0,0,,0,0,0,,0.0,0.0,0.0,0.0,0.0,0.0,0.0,0.0,0.0
2024,2024,REGULAR_SEASON,WO,키움,54306,심휘윤,111,외야수,,False,0.0,0,0,0,0,0,0,1,0,0,,0,0,0,,0.0,0.0,0.0,0.0,0.0,0.0,0.0,0.0,0.0
2024,2024,REGULAR_SEASON,WO,키움,67365,양지율,55,투수,,False,0.0,0,0,0,0,0,0,1,0,0,,0,0,0,,0.0,0.0,0.0,0.0,0.0,0.0,0.0,0.0,0.0
2024,2024,REGULAR_SEASON,WO,키움,67116,오석주,31,투수,,False,0.0,0,0,0,0,0,0,1,0,0,,0,0,0,,0.0,0.0,0.0,0.0,0.0,0.0,0.0,0.0,0.0
2024,2024,REGULAR_SEASON,WO,키움,76118,원종현,46,투수,,False,0.0,0,0,0,0,0,0,1,0,0,,0,0,0,,0.0,0.0,0.0,0.0,0.0,0.0,0.0,0.0,0.0
2024,2024,REGULAR_SEASON,WO,키움,69399,윤정현,99,,,False,0.0,0,0,0,0,0,0,1,0,0,,0,0,0,,0.0,0.0,0.0,0.0,0.0,0.0,0.0,0.0,0.0
2024,2024,REGULAR_SEASON,WO,키움,52330,주승우,0,투수,,False,0.0,0,0,0,0,0,0,5,0,0,,0,0,0,,0.0,0.0,0.0,0.0,0.0,0.0,0.0,0.0,0.0
