game_id,game_date,game_datetime,category_id,status_code,status_info,stadium,home_team_code,home_team_name,away_team_code,away_team_name,home_score,away_score,home_starter_name,away_starter_name,win_pitcher_name,lose_pitcher_name,broad_channel,manual_relay_url,round_code,title
20250322HHKT02025,2025-03-22,2025-03-22T14:00:00,kbo,RESULT,9회말,수원,KT,KT,HH,한화,3,4,,,박상원,김민수,,,kbo_r,
20250323HHKT02025,2025-03-23,2025-03-23T14:00:00,kbo,RESULT,11회말,수원,KT,KT,HH,한화,5,4,,,손동현,한승혁,,,kbo_r,
20250325HHLG02025,2025-03-25,2025-03-25T18:30:00,kbo,RESULT,9회초,잠실,LG,LG,HH,한화,5,0,,류현진,에르난데스,박상원,,,kbo_r,
20250326HHLG02025,2025-03-26,2025-03-26T18:30:00,kbo,RESULT,9회초,잠실,LG,LG,HH,한화,4,0,임찬규,엄상백,임찬규,엄상백,,,kbo_r,
20250327HHLG02025,2025-03-27,2025-03-27T18:30:00,kbo,RESULT,9회초,잠실,LG,LG,HH,한화,2,1,송승기,문동주,박명근,한승혁,,,kbo_r,
20250328HTHH02025,2025-03-28,2025-03-28T18:30:00,kbo,RESULT,9회초,대전,HH,한화,HT,KIA,7,2,,네일,폰세,전상현,,,kbo_r,
20250329HTHH02025,2025-03-29,2025-03-29T14:00:00,kbo,RESULT,9회초,대전,HH,한화,HT,KIA,5,4,,양현종,김종수,조상우,,,kbo_r,
20250330HTHH02025,2025-03-30,2025-03-30T14:00:00,kbo,RESULT,9회말,대전,HH,한화,HT,KIA,3,5,류현진,올러,황동하,이태양,,,kbo_r,
20250401LTHH02025,2025-04-01,2025-04-01T18:30:00,kbo,BEFORE,경기취소,대전,HH,한화,LT,롯데,0,0,엄상백,김진욱,,,,,kbo_r,
20250402LTHH02025,2025-04-02,2025-04-02T18:30:00,kbo,RESULT,9회말,대전,HH,한화,LT,롯데,2,6,문동주,김진욱,김진욱,문동주,,,kbo_r,
20250403LTHH02025,2025-04-03,2025-04-03T18:30:00,kbo,RESULT,9회말,대전,HH,한화,LT,롯데,2,4,,나균안,박진,박상원,,,kbo_r,
20250404HHSS02025,2025-04-04,2025-04-04T18:30:00,kbo,RESULT,9회초,대구,SS,삼성,HH,한화,5,0,원태인,,원태인,와이스,,,kbo_r,
20250405HHSS02025,2025-04-05,2025-04-05T14:00:00,kbo,RESULT,9회말,대구,SS,삼성,HH,한화,6,7,이승현,류현진,박상원,김재윤,,,kbo_r,
20250406HHSS02025,2025-04-06,2025-04-06T14:00:00,kbo,RESULT,9회초,대구,SS,삼성,HH,한화,10,0,,엄상백,레예스,엄상백,,,kbo_r,
20250408HHOB02025,2025-04-08,2025-04-08T18:30:00,kbo,RESULT,11회말,잠실,OB,두산,HH,한화,6,5,최승용,문동주,최지강,이상규,,,kbo_r,
20250409HHOB02025,2025-04-09,2025-04-09T18:30:00,kbo,RESULT,9회말,잠실,OB,두산,HH,한화,4,5,,,폰세,콜어빈,,,kbo_r,
20250410HHOB02025,2025-04-10,2025-04-10T18:30:00,kbo,RESULT,9회말,잠실,OB,두산,HH,한화,2,7,잭로그,,와이스,잭로그,,,kbo_r,
20250411WOHH02025,2025-04-11,2025-04-11T18:30:00,kbo,RESULT,9회초,대전,HH,한화,WO,키움,12,2,류현진,김윤하,류현진,김윤하,,,kbo_r,
20250412WOHH02025,2025-04-12,2025-04-12T17:00:00,kbo,RESULT,9회말,대전,HH,한화,WO,키움,2,6,엄상백,정현우,정현우,엄상백,,,kbo_r,
20250413WOHH02025,2025-04-13,2025-04-13T14:00:00,kbo,RESULT,9회초,대전,HH,한화,WO,키움,7,1,문동주,조영건,문동주,조영건,,,kbo_r,
20250415HHSK02025,2025-04-15,2025-04-15T18:30:00,kbo,RESULT,9회말,문학,SK,SSG,HH,한화,0,2,,,폰세,앤더슨,,,kbo_r,
20250416HHSK02025,2025-04-16,2025-04-16T18:30:00,kbo,RESULT,9회말,문학,SK,SSG,HH,한화,4,10,김광현,,와이스,김광현,,,kbo_r,
20250417HHSK02025,2025-04-17,2025-04-17T18:30:00,kbo,RESULT,9회말,문학,SK,SSG,HH,한화,2,4,화이트,류현진,류현진,이로운,,,kbo_r,
20250418NCHH02025,2025-04-18,2025-04-18T18:30:00,kbo,RESULT,9회초,대전,HH,한화,NC,NC,12,4,엄상백,,엄상백,로건,,,kbo_r,
20250419NCHH02025,2025-04-19,2025-04-19T17:00:00,kbo,RESULT,5회초,대전,HH,한화,NC,NC,7,2,문동주,라일리,문동주,라일리,,,kbo_r,
20250420NCHH02025,2025-04-20,2025-04-20T14:00:00,kbo,RESULT,9회초,대전,HH,한화,NC,NC,7,1,,이용찬,폰세,이용찬,,,kbo_r,
20250422HHLT02025,2025-04-22,2025-04-22T18:30:00,kbo,BEFORE,경기취소,사직,LT,롯데,HH,한화,0,0,,,,,,,kbo_r,
20250423HHLT02025,2025-04-23,2025-04-23T18:30:00,kbo,RESULT,9회말,사직,LT,롯데,HH,한화,4,6,,,와이스,반즈,,,kbo_r,
20250424HHLT02025,2025-04-24,2025-04-24T18:30:00,kbo,RESULT,9회초,사직,LT,롯데,HH,한화,5,3,박세웅,류현진,박세웅,류현진,,,kbo_r,
20250425KTHH02025,2025-04-25,2025-04-25T18:30:00,kbo,RESULT,9회말,대전,HH,한화,KT,KT,1,2,엄상백,소형준,손동현,김서현,,,kbo_r,
20250426KTHH02025,2025-04-26,2025-04-26T17:00:00,kbo,RESULT,9회초,대전,HH,한화,KT,KT,2,1,문동주,고영표,문동주,고영표,,,kbo_r,
20250427KTHH02025,2025-04-27,2025-04-27T14:00:00,kbo,RESULT,9회초,대전,HH,한화,KT,KT,4,3,,오원석,폰세,오원석,,,kbo_r,
20250429LGHH02025,2025-04-29,2025-04-29T18:30:00,kbo,RESULT,9회초,대전,HH,한화,LG,LG,3,2,,송승기,와이스,송승기,,,kbo_r,
20250430LGHH02025,2025-04-30,2025-04-30T18:30:00,kbo,RESULT,9회초,대전,HH,한화,LG,LG,5,2,류현진,치리노스,류현진,김진성,,,kbo_r,
20250501LGHH02025,2025-05-01,2025-05-01T18:30:00,kbo,BEFORE,경기취소,대전,HH,한화,LG,LG,0,0,엄상백,손주영,,,,,kbo_r,
20250502HHHT02025,2025-05-02,2025-05-02T18:30:00,kbo,RESULT,11회말,광주,HT,KIA,HH,한화,2,3,올러,엄상백,정우주,임기영,,,kbo_r,
20250503HHHT02025,2025-05-03,2025-05-03T14:00:00,kbo,BEFORE,경기취소,광주,HT,KIA,HH,한화,0,0,네일,문동주,,,,,kbo_r,
20250504HHHT02025,2025-05-04,2025-05-04T14:00:00,kbo,RESULT,9회말,광주,HT,KIA,HH,한화,1,3,네일,,폰세,조상우,,,kbo_r,
20250505SSHH02025,2025-05-05,2025-05-05T14:00:00,kbo,RESULT,9회초,대전,HH,한화,SS,삼성,3,1,,최원태,와이스,최원태,,,kbo_r,
20250506SSHH02025,2025-05-06,2025-05-06T14:00:00,kbo,RESULT,9회초,대전,HH,한화,SS,삼성,3,1,류현진,원태인,류현진,원태인,,,kbo_r,
20250507SSHH02025,2025-05-07,2025-05-07T18:30:00,kbo,RESULT,9회초,대전,HH,한화,SS,삼성,10,6,문동주,이승현,문동주,이승현,,,kbo_r,
20250509HHWO02025,2025-05-09,2025-05-09T18:30:00,kbo,RESULT,9회말,고척,WO,키움,HH,한화,5,7,하영민,엄상백,한승혁,주승우,,,kbo_r,
20250510HHWO02025,2025-05-10,2025-05-10T14:00:00,kbo,RESULT,9회말,고척,WO,키움,HH,한화,1,9,김선기,,폰세,김선기,,,kbo_r,
20250511HHWO02025,2025-05-11,2025-05-11T14:00:00,kbo,RESULT,9회말,고척,WO,키움,HH,한화,0,8,김윤하,,와이스,김윤하,,,kbo_r,
20250513OBHH02025,2025-05-13,2025-05-13T18:30:00,kbo,RESULT,11회말,대전,HH,한화,OB,두산,3,4,류현진,최원준,이영하,김종수,,,kbo_r,
20250514OBHH02025,2025-05-14,2025-05-14T18:30:00,kbo,RESULT,9회말,대전,HH,한화,OB,두산,1,7,문동주,잭로그,김민규,문동주,,,kbo_r,
20250515OBHH02025,2025-05-15,2025-05-15T18:30:00,kbo,RESULT,9회말,대전,HH,한화,OB,두산,2,8,엄상백,최승용,박정수,엄상백,,,kbo_r,
20250516SKHH02025,2025-05-16,2025-05-16T18:30:00,kbo,BEFORE,경기취소,대전,HH,한화,SK,SSG,0,0,,김광현,,,,,kbo_r,
20250517SKHH12025,2025-05-17,2025-05-17T14:00:00,kbo,RESULT,9회초,대전,HH,한화,SK,SSG,1,0,,김광현,폰세,김광현,,,kbo_r,
20250517SKHH22025,2025-05-17,2025-05-17T17:45:00,kbo,RESULT,9회말,대전,HH,한화,SK,SSG,2,5,,화이트,화이트,와이스,,,kbo_r,
20250518SKHH02025,2025-05-18,2025-05-18T14:00:00,kbo,RESULT,9회말,대전,HH,한화,SK,SSG,3,7,류현진,문승원,문승원,류현진,,,kbo_r,
20250520HHNC02025,2025-05-20,2025-05-20T18:30:00,kbo,RESULT,9회말,울산,NC,NC,HH,한화,1,4,목지훈,문동주,문동주,목지훈,,,kbo_r,
20250521HHNC02025,2025-05-21,2025-05-21T18:30:00,kbo,RESULT,9회초,울산,NC,NC,HH,한화,5,2,신민혁,황준서,신민혁,김종수,,,kbo_r,
20250522HHNC02025,2025-05-22,2025-05-22T18:30:00,kbo,RESULT,9회초,울산,NC,NC,HH,한화,4,3,김녹원,,김진호,김종수,,,kbo_r,
20250523LTHH02025,2025-05-23,2025-05-23T18:30:00,kbo,RESULT,9회초,대전,HH,한화,LT,롯데,4,2,,박세웅,와이스,박세웅,,,kbo_r,
20250524LTHH02025,2025-05-24,2025-05-24T14:00:00,kbo,RESULT,10회말,대전,HH,한화,LT,롯데,6,8,류현진,,김원중,김종수,,,kbo_r,
20250525LTHH02025,2025-05-25,2025-05-25T14:00:00,kbo,RESULT,10회말,대전,HH,한화,LT,롯데,8,7,문동주,한현희,정우주,김강현,,,kbo_r,
20250527HHLG02025,2025-05-27,2025-05-27T18:30:00,kbo,RESULT,9회초,잠실,LG,LG,HH,한화,2,1,임찬규,황준서,임찬규,황준서,,,kbo_r,
20250528HHLG02025,2025-05-28,2025-05-28T18:30:00,kbo,RESULT,11회말,잠실,LG,LG,HH,한화,5,6,,,박상원,박명근,,,kbo_r,
20250529HHLG02025,2025-05-29,2025-05-29T18:30:00,kbo,RESULT,9회초,잠실,LG,LG,HH,한화,3,1,손주영,,손주영,주현상,,,kbo_r,
20250530HHNC02025,2025-05-30,2025-05-30T18:30:00,kbo,RESULT,9회말,창원,NC,NC,HH,한화,1,7,라일리,류현진,류현진,라일리,,,kbo_r,
20250531HHNC02025,2025-05-31,2025-05-31T14:00:00,kbo,RESULT,9회말,창원,NC,NC,HH,한화,6,9,김녹원,엄상백,김서현,류진욱,,,kbo_r,
20250601HHNC02025,2025-06-01,2025-06-01T17:00:00,kbo,RESULT,9회초,창원,NC,NC,HH,한화,16,5,이준혁,황준서,손주환,황준서,,,kbo_r,
20250603KTHH02025,2025-06-03,2025-06-03T14:00:00,kbo,RESULT,9회초,대전,HH,한화,KT,KT,10,1,,,폰세,쿠에바스,,,kbo_r,
20250604KTHH02025,2025-06-04,2025-06-04T18:30:00,kbo,RESULT,9회초,대전,HH,한화,KT,KT,4,3,,오원석,박상원,오원석,,,kbo_r,
20250605KTHH02025,2025-06-05,2025-06-05T18:30:00,kbo,RESULT,9회말,대전,HH,한화,KT,KT,0,7,류현진,,헤이수스,류현진,,,kbo_r,
20250606HHHT02025,2025-06-06,2025-06-06T17:00:00,kbo,RESULT,9회초,광주,HT,KIA,HH,한화,3,2,윤영철,엄상백,윤영철,엄상백,,,kbo_r,
20250607HHHT02025,2025-06-07,2025-06-07T17:00:00,kbo,RESULT,11회말,광주,HT,KIA,HH,한화,2,3,올러,황준서,김종수,최지민,,,kbo_r,
20250608HHHT02025,2025-06-08,2025-06-08T17:00:00,kbo,RESULT,10회말,광주,HT,KIA,HH,한화,7,6,양현종,,정해영,김종수,,,kbo_r,
20250610OBHH02025,2025-06-10,2025-06-10T18:30:00,kbo,RESULT,9회초,대전,HH,한화,OB,두산,6,2,,,와이스,콜어빈,,,kbo_r,
20250611OBHH02025,2025-06-11,2025-06-11T18:30:00,kbo,RESULT,9회초,대전,HH,한화,OB,두산,9,1,조동욱,최원준,조동욱,최원준,,,kbo_r,
20250612OBHH02025,2025-06-12,2025-06-12T18:30:00,kbo,RESULT,9회초,대전,HH,한화,OB,두산,3,2,엄상백,잭로그,주현상,잭로그,,,kbo_r,
20250613LGHH02025,2025-06-13,2025-06-13T18:30:00,kbo,BEFORE,경기취소,대전,HH,한화,LG,LG,0,0,황준서,임찬규,,,,,kbo_r,
20250614LGHH02025,2025-06-14,2025-06-14T17:00:00,kbo,RESULT,11회말,대전,HH,한화,LG,LG,2,2,,임찬규,,,,,kbo_r,
20250615LGHH02025,2025-06-15,2025-06-15T17:00:00,kbo,RESULT,9회초,대전,HH,한화,LG,LG,10,5,문동주,송승기,황준서,송승기,,,kbo_r,
20250617HHLT02025,2025-06-17,2025-06-17T18:30:00,kbo,RESULT,9회말,사직,LT,롯데,HH,한화,0,6,,,와이스,데이비슨,,,kbo_r,
20250618HHLT02025,2025-06-18,2025-06-18T18:30:00,kbo,RESULT,9회초,사직,LT,롯데,HH,한화,6,3,홍민기,엄상백,김강현,엄상백,,,kbo_r,
20250619HHLT02025,2025-06-19,2025-06-19T18:30:00,kbo,RESULT,9회초,사직,LT,롯데,HH,한화,4,3,나균안,황준서,나균안,황준서,,,kbo_r,
20250620WOHH02025,2025-06-20,2025-06-20T18:30:00,kbo,BEFORE,경기취소,대전,HH,한화,WO,키움,0,0,,알칸타라,,,,,kbo_r,
20250621WOHH02025,2025-06-21,2025-06-21T17:00:00,kbo,BEFORE,경기취소,대전,HH,한화,WO,키움,0,0,,정현우,,,,,kbo_r,
20250622WOHH02025,2025-06-22,2025-06-22T17:00:00,kbo,RESULT,9회초,대전,HH,한화,WO,키움,10,4,,알칸타라,폰세,알칸타라,,,kbo_r,
20250624HHSS02025,2025-06-24,2025-06-24T18:30:00,kbo,BEFORE,경기취소,대구,SS,삼성,HH,한화,0,0,최원태,,,,,,kbo_r,
20250625HHSS02025,2025-06-25,2025-06-25T18:30:00,kbo,RESULT,9회초,대구,SS,삼성,HH,한화,7,2,후라도,,후라도,와이스,,,kbo_r,
20250626HHSS02025,2025-06-26,2025-06-26T18:30:00,kbo,RESULT,9회말,대구,SS,삼성,HH,한화,1,3,,문동주,문동주,육선엽,,,kbo_r,
20250627HHSK02025,2025-06-27,2025-06-27T18:30:00,kbo,RESULT,9회초,문학,SK,SSG,HH,한화,8,6,문승원,엄상백,김민,박상원,,,kbo_r,
20250628HHSK02025,2025-06-28,2025-06-28T17:00:00,kbo,RESULT,9회말,문학,SK,SSG,HH,한화,2,5,,,폰세,앤더슨,,,kbo_r,
20250629HHSK02025,2025-06-29,2025-06-29T17:00:00,kbo,RESULT,9회초,문학,SK,SSG,HH,한화,2,0,화이트,류현진,화이트,류현진,,,kbo_r,
20250701NCHH02025,2025-07-01,2025-07-01T18:30:00,kbo,RESULT,9회초,대전,HH,한화,NC,NC,8,4,,라일리,김범수,김영규,,,kbo_r,
20250702NCHH02025,2025-07-02,2025-07-02T18:30:00,kbo,RESULT,9회말,대전,HH,한화,NC,NC,0,2,문동주,목지훈,목지훈,문동주,,,kbo_r,
20250703NCHH02025,2025-07-03,2025-07-03T18:30:00,kbo,RESULT,11회말,대전,HH,한화,NC,NC,7,7,엄상백,신민혁,,,,,kbo_r,
20250704HHWO02025,2025-07-04,2025-07-04T18:30:00,kbo,RESULT,9회말,고척,WO,키움,HH,한화,1,2,알칸타라,,김종수,조영건,,,kbo_r,
20250705HHWO02025,2025-07-05,2025-07-05T18:00:00,kbo,RESULT,9회말,고척,WO,키움,HH,한화,4,6,웰스,류현진,주현상,이준우,,,kbo_r,
20250706HHWO02025,2025-07-06,2025-07-06T14:00:00,kbo,RESULT,9회말,고척,WO,키움,HH,한화,1,10,박주성,,와이스,박주성,,,kbo_r,
20250708HTHH02025,2025-07-08,2025-07-08T18:30:00,kbo,RESULT,9회초,대전,HH,한화,HT,KIA,14,8,문동주,윤영철,문동주,윤영철,,,kbo_r,
20250709HTHH02025,2025-07-09,2025-07-09T18:30:00,kbo,RESULT,9회초,대전,HH,한화,HT,KIA,7,4,엄상백,양현종,조동욱,양현종,,,kbo_r,
20250710HTHH02025,2025-07-10,2025-07-10T18:30:00,kbo,RESULT,9회말,대전,HH,한화,HT,KIA,3,2,황준서,네일,한승혁,정해영,,,kbo_r,
20250717HHKT02025,2025-07-17,2025-07-17T18:30:00,kbo,BEFORE,경기취소,수원,KT,KT,HH,한화,0,0,배제성,,,,,,kbo_r,
20250718HHKT02025,2025-07-18,2025-07-18T18:30:00,kbo,RESULT,9회말,수원,KT,KT,HH,한화,0,5,오원석,,폰세,오원석,,,kbo_r,
20250719HHKT02025,2025-07-19,2025-07-19T18:00:00,kbo,RESULT,6회초,수원,KT,KT,HH,한화,5,6,,,주현상,우규민,,,kbo_r,
20250720HHKT02025,2025-07-20,2025-07-20T18:00:00,kbo,RESULT,9회말,수원,KT,KT,HH,한화,0,10,소형준,류현진,류현진,소형준,,,kbo_r,
20250722HHOB02025,2025-07-22,2025-07-22T18:30:00,kbo,RESULT,9회말,잠실,OB,두산,HH,한화,1,2,잭로그,문동주,문동주,잭로그,,,kbo_r,
20250723HHOB02025,2025-07-23,2025-07-23T18:30:00,kbo,RESULT,9회초,잠실,OB,두산,HH,한화,13,2,최민석,황준서,최민석,황준서,,,kbo_r,
20250724HHOB02025,2025-07-24,2025-07-24T18:30:00,kbo,RESULT,11회말,잠실,OB,두산,HH,한화,4,4,최승용,,,,,,kbo_r,
20250725SKHH02025,2025-07-25,2025-07-25T18:30:00,kbo,RESULT,9회초,대전,HH,한화,SK,SSG,4,0,,,와이스,앤더슨,,,kbo_r,
20250726SKHH02025,2025-07-26,2025-07-26T18:00:00,kbo,RESULT,9회말,대전,HH,한화,SK,SSG,3,9,류현진,김광현,김광현,류현진,,,kbo_r,
20250727SKHH02025,2025-07-27,2025-07-27T18:00:00,kbo,RESULT,9회말,대전,HH,한화,SK,SSG,2,3,문동주,화이트,노경은,조동욱,,,kbo_r,
20250729SSHH02025,2025-07-29,2025-07-29T18:30:00,kbo,RESULT,9회말,대전,HH,한화,SS,삼성,2,9,황준서,,가라비토,황준서,,,kbo_r,
20250730SSHH02025,2025-07-30,2025-07-30T18:30:00,kbo,RESULT,9회초,대전,HH,한화,SS,삼성,5,0,,최원태,폰세,최원태,,,kbo_r,
20250731SSHH02025,2025-07-31,2025-07-31T18:30:00,kbo,RESULT,9회초,대전,HH,한화,SS,삼성,7,1,,이승민,와이스,이승민,,,kbo_r,
20250801HHHT02025,2025-08-01,2025-08-01T18:30:00,kbo,RESULT,9회초,광주,HT,KIA,HH,한화,3,2,이의리,류현진,김시훈,류현진,,,kbo_r,
20250802HHHT02025,2025-08-02,2025-08-02T18:00:00,kbo,BEFORE,경기취소,광주,HT,KIA,HH,한화,0,0,네일,문동주,,,,,kbo_r,
20250803HHHT02025,2025-08-03,2025-08-03T18:00:00,kbo,BEFORE,경기취소,광주,HT,KIA,HH,한화,0,0,올러,문동주,,,,,kbo_r,
20250805KTHH02025,2025-08-05,2025-08-05T18:30:00,kbo,RESULT,9회말,대전,HH,한화,KT,KT,2,5,문동주,,이상동,한승혁,,,kbo_r,
20250806KTHH02025,2025-08-06,2025-08-06T18:30:00,kbo,RESULT,9회초,대전,HH,한화,KT,KT,5,4,,배제성,폰세,배제성,,,kbo_r,
20250807KTHH02025,2025-08-07,2025-08-07T18:30:00,kbo,RESULT,9회말,대전,HH,한화,KT,KT,4,5,,고영표,최동환,조동욱,,,kbo_r,
20250808HHLG02025,2025-08-08,2025-08-08T18:30:00,kbo,RESULT,10회말,잠실,LG,LG,HH,한화,2,1,임찬규,류현진,함덕주,김서현,,,kbo_r,
20250809HHLG02025,2025-08-09,2025-08-09T18:00:00,kbo,RESULT,9회초,잠실,LG,LG,HH,한화,8,1,치리노스,엄상백,치리노스,엄상백,,,kbo_r,
20250810HHLG02025,2025-08-10,2025-08-10T18:00:00,kbo,RESULT,9회말,잠실,LG,LG,HH,한화,4,5,손주영,문동주,문동주,장현식,,,kbo_r,
20250812LTHH02025,2025-08-12,2025-08-12T18:30:00,kbo,RESULT,9회초,대전,HH,한화,LT,롯데,2,0,,,폰세,감보아,,,kbo_r,
20250813LTHH02025,2025-08-13,2025-08-13T18:30:00,kbo,RESULT,9회초,대전,HH,한화,LT,롯데,6,0,,,와이스,벨라스케즈,,,kbo_r,
20250814LTHH02025,2025-08-14,2025-08-14T18:30:00,kbo,RESULT,11회말,대전,HH,한화,LT,롯데,5,4,류현진,나균안,주현상,윤성빈,,,kbo_r,
20250815HHNC02025,2025-08-15,2025-08-15T18:00:00,kbo,RESULT,9회말,창원,NC,NC,HH,한화,2,9,,김기중,김종수,로건,,,kbo_r,
20250816HHNC02025,2025-08-16,2025-08-16T18:00:00,kbo,RESULT,9회초,창원,NC,NC,HH,한화,9,6,신민혁,문동주,김진호,주현상,,,kbo_r,
20250817HHNC02025,2025-08-17,2025-08-17T18:00:00,kbo,RESULT,9회초,창원,NC,NC,HH,한화,9,4,김녹원,황준서,김녹원,황준서,,,kbo_r,
20250819OBHH02025,2025-08-19,2025-08-19T18:30:00,kbo,RESULT,9회말,대전,HH,한화,OB,두산,5,6,,,최원준,김서현,,,kbo_r,
20250820OBHH02025,2025-08-20,2025-08-20T18:30:00,kbo,RESULT,9회말,대전,HH,한화,OB,두산,9,13,조동욱,곽빈,곽빈,조동욱,,,kbo_r,
20250821OBHH02025,2025-08-21,2025-08-21T18:30:00,kbo,RESULT,9회말,대전,HH,한화,OB,두산,3,6,류현진,잭로그,잭로그,류현진,,,kbo_r,
20250822SKHH02025,2025-08-22,2025-08-22T18:30:00,kbo,RESULT,11회말,대전,HH,한화,SK,SSG,0,1,,최민준,이로운,김범수,,,kbo_r,
20250823SKHH02025,2025-08-23,2025-08-23T18:00:00,kbo,RESULT,9회초,대전,HH,한화,SK,SSG,5,0,황준서,화이트,황준서,화이트,,,kbo_r,
20250824SKHH02025,2025-08-24,2025-08-24T18:00:00,kbo,RESULT,9회초,대전,HH,한화,SK,SSG,5,2,,송영진,와이스,전영준,,,kbo_r,
20250826HHWO02025,2025-08-26,2025-08-26T18:30:00,kbo,RESULT,9회말,고척,WO,키움,HH,한화,1,3,알칸타라,류현진,한승혁,조영건,,,kbo_r,
20250827HHWO02025,2025-08-27,2025-08-27T18:30:00,kbo,RESULT,9회말,고척,WO,키움,HH,한화,1,3,,문동주,문동주,메르세데스,,,kbo_r,
20250828HHWO02025,2025-08-28,2025-08-28T18:30:00,kbo,RESULT,9회말,고척,WO,키움,HH,한화,3,9,하영민,,폰세,하영민,,,kbo_r,
20250829SSHH02025,2025-08-29,2025-08-29T18:30:00,kbo,RESULT,9회말,대전,HH,한화,SS,삼성,3,5,황준서,이승현,양창섭,황준서,,,kbo_r,
20250830SSHH02025,2025-08-30,2025-08-30T18:00:00,kbo,RESULT,9회말,대전,HH,한화,SS,삼성,0,4,,후라도,후라도,와이스,,,kbo_r,
20250831SSHH02025,2025-08-31,2025-08-31T18:00:00,kbo,RESULT,9회말,대전,HH,한화,SS,삼성,3,5,김기중,원태인,원태인,김기중,,,kbo_r,
20250902HTHH02025,2025-09-02,2025-09-02T18:30:00,kbo,RESULT,9회초,대전,HH,한화,HT,KIA,21,3,류현진,김도현,류현진,김도현,,,kbo_r,
20250903NCHH02025,2025-09-03,2025-09-03T18:30:00,kbo,RESULT,10회말,대전,HH,한화,NC,NC,6,5,,신민혁,정우주,이준혁,,,kbo_r,
20250906HHSS02025,2025-09-06,2025-09-06T17:00:00,kbo,RESULT,9회말,대구,SS,삼성,HH,한화,4,7,이승현,문동주,문동주,이승현,,,kbo_r,
20250907HHSS02025,2025-09-07,2025-09-07T17:00:00,kbo,RESULT,9회초,대구,SS,삼성,HH,한화,4,3,원태인,황준서,원태인,황준서,,,kbo_r,
20250909HHLT02025,2025-09-09,2025-09-09T18:30:00,kbo,RESULT,9회말,사직,LT,롯데,HH,한화,1,9,박세웅,,와이스,박세웅,,,kbo_r,
20250910HHLT02025,2025-09-10,2025-09-10T18:30:00,kbo,RESULT,9회말,사직,LT,롯데,HH,한화,0,13,,류현진,류현진,감보아,,,kbo_r,
20250912WOHH02025,2025-09-12,2025-09-12T18:30:00,kbo,BEFORE,경기취소,대전,HH,한화,WO,키움,0,0,,하영민,,,,,kbo_r,
20250913WOHH02025,2025-09-13,2025-09-13T17:00:00,kbo,RESULT,9회초,대전,HH,한화,WO,키움,10,5,,하영민,폰세,하영민,,,kbo_r,
20250914WOHH02025,2025-09-14,2025-09-14T17:00:00,kbo,RESULT,9회말,대전,HH,한화,WO,키움,10,13,문동주,정현우,원종현,문동주,,,kbo_r,
20250915WOHH02025,2025-09-15,2025-09-15T18:30:00,kbo,RESULT,9회초,대전,HH,한화,WO,키움,7,6,정우주,박정훈,주현상,원종현,,,kbo_r,
20250916HHHT02025,2025-09-16,2025-09-16T18:30:00,kbo,RESULT,9회말,광주,HT,KIA,HH,한화,1,11,김태형,,와이스,김태형,,,kbo_r,
20250917HHHT02025,2025-09-17,2025-09-17T18:30:00,kbo,RESULT,9회말,광주,HT,KIA,HH,한화,2,6,김건국,류현진,류현진,김건국,,,kbo_r,
20250918HHHT02025,2025-09-18,2025-09-18T18:30:00,kbo,RESULT,9회말,광주,HT,KIA,HH,한화,3,4,올러,윤산흠,엄상백,전상현,,,kbo_r,
20250919HHKT02025,2025-09-19,2025-09-19T18:30:00,kbo,BEFORE,경기취소,수원,KT,KT,HH,한화,0,0,고영표,,,,,,kbo_r,
20250920HHKT02025,2025-09-20,2025-09-20T17:00:00,kbo,RESULT,9회초,수원,KT,KT,HH,한화,4,2,고영표,,고영표,폰세,,,kbo_r,
20250924HHSK02025,2025-09-24,2025-09-24T18:30:00,kbo,BEFORE,경기취소,문학,SK,SSG,HH,한화,0,0,최민준,,,,,,kbo_r,
20250925HHOB02025,2025-09-25,2025-09-25T18:30:00,kbo,RESULT,9회초,잠실,OB,두산,HH,한화,7,0,잭로그,,잭로그,와이스,,,kbo_r,
20250926LGHH02025,2025-09-26,2025-09-26T18:30:00,kbo,RESULT,9회초,대전,HH,한화,LG,LG,4,1,류현진,치리노스,김범수,치리노스,,,kbo_r,
20250927LGHH02025,2025-09-27,2025-09-27T17:00:00,kbo,RESULT,9회말,대전,HH,한화,LG,LG,2,9,문동주,톨허스트,톨허스트,문동주,,,kbo_r,
20250928LGHH02025,2025-09-28,2025-09-28T14:00:00,kbo,BEFORE,경기취소,대전,HH,한화,LG,LG,0,0,,임찬규,,,,,kbo_r,
20250929LGHH02025,2025-09-29,2025-09-29T18:30:00,kbo,RESULT,9회초,대전,HH,한화,LG,LG,7,3,정우주,임찬규,조동욱,임찬규,,,kbo_r,
20250930LTHH02025,2025-09-30,2025-09-30T18:30:00,kbo,RESULT,10회말,대전,HH,한화,LT,롯데,1,0,,,김서현,김원중,,,kbo_r,
20251001HHSK02025,2025-10-01,2025-10-01T18:30:00,kbo,RESULT,9회말,문학,SK,SSG,HH,한화,6,5,최민준,,김성민,김서현,,,kbo_r,
20251003HHKT02025,2025-10-03,2025-10-03T17:00:00,kbo,RESULT,11회말,수원,KT,KT,HH,한화,6,6,오원석,박준영,,,,,kbo_r,
